Spotify URI,Voter ID,Created,Points Assigned,Comment,Round ID
spotify:track:04N3JVWCZFG4z7wWDMTEQ2,faf071c5961f4195a9575494a1bed466,2022-06-13T18:23:12Z,5,,54886398ac7a4338bbe6f7840f15414d
spotify:track:0Z97JEXHiXXHpc4blFKQc6,faf071c5961f4195a9575494a1bed466,2022-06-13T18:23:12Z,1,,54886398ac7a4338bbe6f7840f15414d
spotify:track:29Xos5ZuBRnX4gynKG4g4I,faf071c5961f4195a9575494a1bed466,2022-06-13T18:23:12Z,2,,54886398ac7a4338bbe6f7840f15414d
spotify:track:2skrGe8jzQM6PeGGFV1tjP,faf071c5961f4195a9575494a1bed466,2022-06-13T18:23:12Z,1,,54886398ac7a4338bbe6f7840f15414d
spotify:track:7pBoi7yWCPzn3UjeMsGKg6,faf071c5961f4195a9575494a1bed466,2022-06-13T18:23:12Z,1,,54886398ac7a4338bbe6f7840f15414d
spotify:track:04N3JVWCZFG4z7wWDMTEQ2,dd77ebc3b461474daa9e9b43c4377cd5,2022-06-14T00:31:35Z,1,,54886398ac7a4338bbe6f7840f15414d
spotify:track:0Z97JEXHiXXHpc4blFKQc6,dd77ebc3b461474daa9e9b43c4377cd5,2022-06-14T00:31:35Z,1,,54886398ac7a4338bbe6f7840f15414d
spotify:track:5JgB38WStxku1uvo30tFsn,dd77ebc3b461474daa9e9b43c4377cd5,2022-06-14T00:31:35Z,3,,54886398ac7a4338bbe6f7840f15414d
spotify:track:5X3EW7MVbyEDG4FAPpmDv2,dd77ebc3b461474daa9e9b43c4377cd5,2022-06-14T00:31:35Z,1,,54886398ac7a4338bbe6f7840f15414d
spotify:track:7pBoi7yWCPzn3UjeMsGKg6,dd77ebc3b461474daa9e9b43c4377cd5,2022-06-14T00:31:35Z,4,,54886398ac7a4338bbe6f7840f15414d
spotify:track:04N3JVWCZFG4z7wWDMTEQ2,3632dbc7e55d4e3380f090997355e7ae,2022-06-14T02:44:34Z,1,This song is interesting for so many reasons,54886398ac7a4338bbe6f7840f15414d
spotify:track:0Z97JEXHiXXHpc4blFKQc6,3632dbc7e55d4e3380f090997355e7ae,2022-06-14T02:44:34Z,2,I nearly submitted this one myself. ,54886398ac7a4338bbe6f7840f15414d
spotify:track:2skrGe8jzQM6PeGGFV1tjP,3632dbc7e55d4e3380f090997355e7ae,2022-06-14T02:44:34Z,0,"This song deserved points. I flipped a coin, and this one lost. ",54886398ac7a4338bbe6f7840f15414d
spotify:track:53TPuvCNhoqQhW9BsaOC3w,3632dbc7e55d4e3380f090997355e7ae,2022-06-14T02:44:34Z,0,Another one that  I wanted to give points. I owe you!,54886398ac7a4338bbe6f7840f15414d
spotify:track:5JgB38WStxku1uvo30tFsn,3632dbc7e55d4e3380f090997355e7ae,2022-06-14T02:44:34Z,1,I think I‚Äôve heard this one before. And I‚Äôll probably be hearing it again!,54886398ac7a4338bbe6f7840f15414d
spotify:track:5Q5BS5b6c3rpp7itc60ahm,3632dbc7e55d4e3380f090997355e7ae,2022-06-14T02:44:34Z,2,"Fun song, even if it is about a bad, bad man!",54886398ac7a4338bbe6f7840f15414d
spotify:track:5X3EW7MVbyEDG4FAPpmDv2,3632dbc7e55d4e3380f090997355e7ae,2022-06-14T02:44:34Z,2,Thar she quacks!,54886398ac7a4338bbe6f7840f15414d
spotify:track:74sUbOF9Zm8LdGUJjxleTl,3632dbc7e55d4e3380f090997355e7ae,2022-06-14T02:44:34Z,1,Classic,54886398ac7a4338bbe6f7840f15414d
spotify:track:7pBoi7yWCPzn3UjeMsGKg6,3632dbc7e55d4e3380f090997355e7ae,2022-06-14T02:44:34Z,1,So I watched the music video to this. I am still sitting here in disbelief about that runner. Cool song. ,54886398ac7a4338bbe6f7840f15414d
spotify:track:04N3JVWCZFG4z7wWDMTEQ2,2e01487d2bb343f58250b8359dbd8790,2022-06-14T05:20:17Z,1,Makes ya think,54886398ac7a4338bbe6f7840f15414d
spotify:track:0Z97JEXHiXXHpc4blFKQc6,2e01487d2bb343f58250b8359dbd8790,2022-06-14T05:20:17Z,3,"Perfect music, perfect narrative",54886398ac7a4338bbe6f7840f15414d
spotify:track:29Xos5ZuBRnX4gynKG4g4I,2e01487d2bb343f58250b8359dbd8790,2022-06-14T05:20:17Z,2,I support caring for the local wildlife as your own,54886398ac7a4338bbe6f7840f15414d
spotify:track:2skrGe8jzQM6PeGGFV1tjP,2e01487d2bb343f58250b8359dbd8790,2022-06-14T05:20:17Z,1,Wow real sad but I vibed ,54886398ac7a4338bbe6f7840f15414d
spotify:track:5JgB38WStxku1uvo30tFsn,2e01487d2bb343f58250b8359dbd8790,2022-06-14T05:20:17Z,0,"I cannot, in good conscience, offer a point to these men",54886398ac7a4338bbe6f7840f15414d
spotify:track:5X3EW7MVbyEDG4FAPpmDv2,2e01487d2bb343f58250b8359dbd8790,2022-06-14T05:20:17Z,3,I had to redistribute my points because I loved this song so much,54886398ac7a4338bbe6f7840f15414d
spotify:track:7pBoi7yWCPzn3UjeMsGKg6,2e01487d2bb343f58250b8359dbd8790,2022-06-14T05:20:17Z,0,Makes ya think (I‚Äôm sorry but I‚Äôm out of points so here‚Äôs a point from my heart),54886398ac7a4338bbe6f7840f15414d
spotify:track:0Z97JEXHiXXHpc4blFKQc6,04c84c21eb3f476a906541faa6818b13,2022-06-14T05:23:38Z,2,,54886398ac7a4338bbe6f7840f15414d
spotify:track:2skrGe8jzQM6PeGGFV1tjP,04c84c21eb3f476a906541faa6818b13,2022-06-14T05:23:38Z,1,,54886398ac7a4338bbe6f7840f15414d
spotify:track:53TPuvCNhoqQhW9BsaOC3w,04c84c21eb3f476a906541faa6818b13,2022-06-14T05:23:38Z,1,,54886398ac7a4338bbe6f7840f15414d
spotify:track:5JgB38WStxku1uvo30tFsn,04c84c21eb3f476a906541faa6818b13,2022-06-14T05:23:38Z,2,,54886398ac7a4338bbe6f7840f15414d
spotify:track:5X3EW7MVbyEDG4FAPpmDv2,04c84c21eb3f476a906541faa6818b13,2022-06-14T05:23:38Z,1,automatic point for mallard of malice,54886398ac7a4338bbe6f7840f15414d
spotify:track:74sUbOF9Zm8LdGUJjxleTl,04c84c21eb3f476a906541faa6818b13,2022-06-14T05:23:38Z,2,now he‚Äôs toast ü§∑,54886398ac7a4338bbe6f7840f15414d
spotify:track:7pBoi7yWCPzn3UjeMsGKg6,04c84c21eb3f476a906541faa6818b13,2022-06-14T05:23:38Z,1,,54886398ac7a4338bbe6f7840f15414d
spotify:track:04N3JVWCZFG4z7wWDMTEQ2,45aed3c10e8c45c98b4a63680e9da7b7,2022-06-14T15:10:18Z,1,,54886398ac7a4338bbe6f7840f15414d
spotify:track:29Xos5ZuBRnX4gynKG4g4I,45aed3c10e8c45c98b4a63680e9da7b7,2022-06-14T15:10:18Z,3,,54886398ac7a4338bbe6f7840f15414d
spotify:track:53TPuvCNhoqQhW9BsaOC3w,45aed3c10e8c45c98b4a63680e9da7b7,2022-06-14T15:10:18Z,3,,54886398ac7a4338bbe6f7840f15414d
spotify:track:5Q5BS5b6c3rpp7itc60ahm,45aed3c10e8c45c98b4a63680e9da7b7,2022-06-14T15:10:18Z,1,,54886398ac7a4338bbe6f7840f15414d
spotify:track:5X3EW7MVbyEDG4FAPpmDv2,45aed3c10e8c45c98b4a63680e9da7b7,2022-06-14T15:10:18Z,1,,54886398ac7a4338bbe6f7840f15414d
spotify:track:74sUbOF9Zm8LdGUJjxleTl,45aed3c10e8c45c98b4a63680e9da7b7,2022-06-14T15:10:18Z,1,,54886398ac7a4338bbe6f7840f15414d
spotify:track:04N3JVWCZFG4z7wWDMTEQ2,6d7e96d013a845369bf8f206bfb7c773,2022-06-14T16:47:31Z,1,,54886398ac7a4338bbe6f7840f15414d
spotify:track:0Z97JEXHiXXHpc4blFKQc6,6d7e96d013a845369bf8f206bfb7c773,2022-06-14T16:47:31Z,2,,54886398ac7a4338bbe6f7840f15414d
spotify:track:29Xos5ZuBRnX4gynKG4g4I,6d7e96d013a845369bf8f206bfb7c773,2022-06-14T16:47:31Z,1,Is this the submission from Charlie or Dad? ,54886398ac7a4338bbe6f7840f15414d
spotify:track:2skrGe8jzQM6PeGGFV1tjP,6d7e96d013a845369bf8f206bfb7c773,2022-06-14T16:47:31Z,2,,54886398ac7a4338bbe6f7840f15414d
spotify:track:53TPuvCNhoqQhW9BsaOC3w,6d7e96d013a845369bf8f206bfb7c773,2022-06-14T16:47:31Z,1,,54886398ac7a4338bbe6f7840f15414d
spotify:track:5JgB38WStxku1uvo30tFsn,6d7e96d013a845369bf8f206bfb7c773,2022-06-14T16:47:31Z,2,,54886398ac7a4338bbe6f7840f15414d
spotify:track:74sUbOF9Zm8LdGUJjxleTl,6d7e96d013a845369bf8f206bfb7c773,2022-06-14T16:47:31Z,1,,54886398ac7a4338bbe6f7840f15414d
spotify:track:04N3JVWCZFG4z7wWDMTEQ2,53954cca040b418fbc8f42043c323187,2022-06-14T19:55:03Z,1,,54886398ac7a4338bbe6f7840f15414d
spotify:track:0Z97JEXHiXXHpc4blFKQc6,53954cca040b418fbc8f42043c323187,2022-06-14T19:55:03Z,2,,54886398ac7a4338bbe6f7840f15414d
spotify:track:29Xos5ZuBRnX4gynKG4g4I,53954cca040b418fbc8f42043c323187,2022-06-14T19:55:03Z,1,,54886398ac7a4338bbe6f7840f15414d
spotify:track:2skrGe8jzQM6PeGGFV1tjP,53954cca040b418fbc8f42043c323187,2022-06-14T19:55:03Z,3,,54886398ac7a4338bbe6f7840f15414d
spotify:track:53TPuvCNhoqQhW9BsaOC3w,53954cca040b418fbc8f42043c323187,2022-06-14T19:55:03Z,1,,54886398ac7a4338bbe6f7840f15414d
spotify:track:74sUbOF9Zm8LdGUJjxleTl,53954cca040b418fbc8f42043c323187,2022-06-14T19:55:03Z,2,,54886398ac7a4338bbe6f7840f15414d
spotify:track:0Z97JEXHiXXHpc4blFKQc6,d4d873667860433b9e0feec8ef6f1b3d,2022-06-15T04:50:44Z,1,,54886398ac7a4338bbe6f7840f15414d
spotify:track:29Xos5ZuBRnX4gynKG4g4I,d4d873667860433b9e0feec8ef6f1b3d,2022-06-15T04:50:44Z,1,,54886398ac7a4338bbe6f7840f15414d
spotify:track:53TPuvCNhoqQhW9BsaOC3w,d4d873667860433b9e0feec8ef6f1b3d,2022-06-15T04:50:44Z,3,,54886398ac7a4338bbe6f7840f15414d
spotify:track:5JgB38WStxku1uvo30tFsn,d4d873667860433b9e0feec8ef6f1b3d,2022-06-15T04:50:44Z,1,,54886398ac7a4338bbe6f7840f15414d
spotify:track:5Q5BS5b6c3rpp7itc60ahm,d4d873667860433b9e0feec8ef6f1b3d,2022-06-15T04:50:44Z,1,,54886398ac7a4338bbe6f7840f15414d
spotify:track:74sUbOF9Zm8LdGUJjxleTl,d4d873667860433b9e0feec8ef6f1b3d,2022-06-15T04:50:44Z,3,,54886398ac7a4338bbe6f7840f15414d
spotify:track:0Z97JEXHiXXHpc4blFKQc6,3c4e83d58ab5477bba8d04ae93c4aac4,2022-06-15T04:57:44Z,2,,54886398ac7a4338bbe6f7840f15414d
spotify:track:29Xos5ZuBRnX4gynKG4g4I,3c4e83d58ab5477bba8d04ae93c4aac4,2022-06-15T04:57:44Z,3,,54886398ac7a4338bbe6f7840f15414d
spotify:track:5JgB38WStxku1uvo30tFsn,3c4e83d58ab5477bba8d04ae93c4aac4,2022-06-15T04:57:44Z,1,,54886398ac7a4338bbe6f7840f15414d
spotify:track:5Q5BS5b6c3rpp7itc60ahm,3c4e83d58ab5477bba8d04ae93c4aac4,2022-06-15T04:57:44Z,1,,54886398ac7a4338bbe6f7840f15414d
spotify:track:74sUbOF9Zm8LdGUJjxleTl,3c4e83d58ab5477bba8d04ae93c4aac4,2022-06-15T04:57:44Z,3,,54886398ac7a4338bbe6f7840f15414d
spotify:track:4MSBBvp8dGUt2JWErEwUEe,faf071c5961f4195a9575494a1bed466,2022-06-17T22:26:45Z,2,,6603ed0f02cb4839aef2ea0c57cba39b
spotify:track:6rjtB7KSIiJ6v9vrACMlqF,faf071c5961f4195a9575494a1bed466,2022-06-17T22:26:45Z,1,,6603ed0f02cb4839aef2ea0c57cba39b
spotify:track:6wU6t8hqT3hxOsXk8S2Dgr,faf071c5961f4195a9575494a1bed466,2022-06-17T22:26:45Z,6,,6603ed0f02cb4839aef2ea0c57cba39b
spotify:track:7MFYyeIFUMaY40uFoibJwa,faf071c5961f4195a9575494a1bed466,2022-06-17T22:26:45Z,1,,6603ed0f02cb4839aef2ea0c57cba39b
spotify:track:0QCDJxKiDTxFbecmoCM1nO,3632dbc7e55d4e3380f090997355e7ae,2022-06-18T03:06:44Z,1,"I want to transfer points from mom‚Äôs family‚Äôs league to this one. This deserves 6 points, but gets only 1.",6603ed0f02cb4839aef2ea0c57cba39b
spotify:track:2CzWeyC9zlDpIOZPUUKrBW,3632dbc7e55d4e3380f090997355e7ae,2022-06-18T03:06:44Z,1,,6603ed0f02cb4839aef2ea0c57cba39b
spotify:track:2p135yZ7tfiDglFOWM8syN,3632dbc7e55d4e3380f090997355e7ae,2022-06-18T03:06:44Z,1,I did not like Led Zeppelin when I was young (or the Doors) but appreciate them now. ,6603ed0f02cb4839aef2ea0c57cba39b
spotify:track:3tynLfCMPGbkMKLm9p960T,3632dbc7e55d4e3380f090997355e7ae,2022-06-18T03:06:44Z,1,,6603ed0f02cb4839aef2ea0c57cba39b
spotify:track:4MSBBvp8dGUt2JWErEwUEe,3632dbc7e55d4e3380f090997355e7ae,2022-06-18T03:06:44Z,1,,6603ed0f02cb4839aef2ea0c57cba39b
spotify:track:4w3tQBXhn5345eUXDGBWZG,3632dbc7e55d4e3380f090997355e7ae,2022-06-18T03:06:44Z,2,,6603ed0f02cb4839aef2ea0c57cba39b
spotify:track:5sWF1EZGm727f3b620vkbC,3632dbc7e55d4e3380f090997355e7ae,2022-06-18T03:06:44Z,1,Weird. ,6603ed0f02cb4839aef2ea0c57cba39b
spotify:track:6rjtB7KSIiJ6v9vrACMlqF,3632dbc7e55d4e3380f090997355e7ae,2022-06-18T03:06:44Z,1,"I like Royals, especially the video with the trombone and cows.",6603ed0f02cb4839aef2ea0c57cba39b
spotify:track:6wU6t8hqT3hxOsXk8S2Dgr,3632dbc7e55d4e3380f090997355e7ae,2022-06-18T03:06:44Z,1,"I don‚Äôt know what it means, but then again I don‚Äôt know what any of the English language song lyrics mean either (except for Dolly‚Äôs). ",6603ed0f02cb4839aef2ea0c57cba39b
spotify:track:0QCDJxKiDTxFbecmoCM1nO,45aed3c10e8c45c98b4a63680e9da7b7,2022-06-18T03:23:44Z,3,I didn‚Äôt expect to like this song as much as I did. ,6603ed0f02cb4839aef2ea0c57cba39b
spotify:track:2p135yZ7tfiDglFOWM8syN,45aed3c10e8c45c98b4a63680e9da7b7,2022-06-18T03:23:44Z,1,,6603ed0f02cb4839aef2ea0c57cba39b
spotify:track:4w3tQBXhn5345eUXDGBWZG,45aed3c10e8c45c98b4a63680e9da7b7,2022-06-18T03:23:44Z,2,Written by Karl Marx,6603ed0f02cb4839aef2ea0c57cba39b
spotify:track:5sWF1EZGm727f3b620vkbC,45aed3c10e8c45c98b4a63680e9da7b7,2022-06-18T03:23:44Z,1,,6603ed0f02cb4839aef2ea0c57cba39b
spotify:track:6rjtB7KSIiJ6v9vrACMlqF,45aed3c10e8c45c98b4a63680e9da7b7,2022-06-18T03:23:44Z,1,,6603ed0f02cb4839aef2ea0c57cba39b
spotify:track:6wU6t8hqT3hxOsXk8S2Dgr,45aed3c10e8c45c98b4a63680e9da7b7,2022-06-18T03:23:44Z,1,,6603ed0f02cb4839aef2ea0c57cba39b
spotify:track:7MFYyeIFUMaY40uFoibJwa,45aed3c10e8c45c98b4a63680e9da7b7,2022-06-18T03:23:44Z,1,,6603ed0f02cb4839aef2ea0c57cba39b
spotify:track:2CzWeyC9zlDpIOZPUUKrBW,04c84c21eb3f476a906541faa6818b13,2022-06-19T22:03:13Z,2,,6603ed0f02cb4839aef2ea0c57cba39b
spotify:track:2p135yZ7tfiDglFOWM8syN,04c84c21eb3f476a906541faa6818b13,2022-06-19T22:03:13Z,1,,6603ed0f02cb4839aef2ea0c57cba39b
spotify:track:3tynLfCMPGbkMKLm9p960T,04c84c21eb3f476a906541faa6818b13,2022-06-19T22:03:13Z,3,,6603ed0f02cb4839aef2ea0c57cba39b
spotify:track:4w3tQBXhn5345eUXDGBWZG,04c84c21eb3f476a906541faa6818b13,2022-06-19T22:03:13Z,1,,6603ed0f02cb4839aef2ea0c57cba39b
spotify:track:6rjtB7KSIiJ6v9vrACMlqF,04c84c21eb3f476a906541faa6818b13,2022-06-19T22:03:13Z,1,,6603ed0f02cb4839aef2ea0c57cba39b
spotify:track:6wU6t8hqT3hxOsXk8S2Dgr,04c84c21eb3f476a906541faa6818b13,2022-06-19T22:03:13Z,1,,6603ed0f02cb4839aef2ea0c57cba39b
spotify:track:7MFYyeIFUMaY40uFoibJwa,04c84c21eb3f476a906541faa6818b13,2022-06-19T22:03:13Z,1,,6603ed0f02cb4839aef2ea0c57cba39b
spotify:track:0QCDJxKiDTxFbecmoCM1nO,6d7e96d013a845369bf8f206bfb7c773,2022-06-19T23:27:18Z,1,very beautiful and I liked the lyrics a lot.,6603ed0f02cb4839aef2ea0c57cba39b
spotify:track:2CzWeyC9zlDpIOZPUUKrBW,6d7e96d013a845369bf8f206bfb7c773,2022-06-19T23:27:18Z,0,this song was so cute but I'm out of points :(,6603ed0f02cb4839aef2ea0c57cba39b
spotify:track:2p135yZ7tfiDglFOWM8syN,6d7e96d013a845369bf8f206bfb7c773,2022-06-19T23:27:18Z,2,classic. timeless. robert plant moaning.,6603ed0f02cb4839aef2ea0c57cba39b
spotify:track:3tynLfCMPGbkMKLm9p960T,6d7e96d013a845369bf8f206bfb7c773,2022-06-19T23:27:18Z,2,This is a bop,6603ed0f02cb4839aef2ea0c57cba39b
spotify:track:4MSBBvp8dGUt2JWErEwUEe,6d7e96d013a845369bf8f206bfb7c773,2022-06-19T23:27:18Z,3,"QUE SEA KITSCH, CON SOL Y PLAYA,,, SITIOS DEL SIGLO XX QUE CONOCI,,,",6603ed0f02cb4839aef2ea0c57cba39b
spotify:track:4w3tQBXhn5345eUXDGBWZG,6d7e96d013a845369bf8f206bfb7c773,2022-06-19T23:27:18Z,1,this song is what Money Money Money by ABBA wishes it was,6603ed0f02cb4839aef2ea0c57cba39b
spotify:track:5sWF1EZGm727f3b620vkbC,6d7e96d013a845369bf8f206bfb7c773,2022-06-19T23:27:18Z,0,I've tried really hard to like Bon Iver but I have not yet been able to. However this is definitely in the top 3 most tolerable songs for me,6603ed0f02cb4839aef2ea0c57cba39b
spotify:track:6rjtB7KSIiJ6v9vrACMlqF,6d7e96d013a845369bf8f206bfb7c773,2022-06-19T23:27:18Z,1,Not even in my top 10 Lorde songs but still solid,6603ed0f02cb4839aef2ea0c57cba39b
spotify:track:7MFYyeIFUMaY40uFoibJwa,6d7e96d013a845369bf8f206bfb7c773,2022-06-19T23:27:18Z,0,Tricycle!!!,6603ed0f02cb4839aef2ea0c57cba39b
spotify:track:2CzWeyC9zlDpIOZPUUKrBW,2e01487d2bb343f58250b8359dbd8790,2022-06-19T23:49:04Z,2,I considered this one tooooooo,6603ed0f02cb4839aef2ea0c57cba39b
spotify:track:4w3tQBXhn5345eUXDGBWZG,2e01487d2bb343f58250b8359dbd8790,2022-06-19T23:49:04Z,2,What a jam to make a livin‚Äô to,6603ed0f02cb4839aef2ea0c57cba39b
spotify:track:5sWF1EZGm727f3b620vkbC,2e01487d2bb343f58250b8359dbd8790,2022-06-19T23:49:04Z,3,Perfect tune for God‚Äôs Country,6603ed0f02cb4839aef2ea0c57cba39b
spotify:track:6wU6t8hqT3hxOsXk8S2Dgr,2e01487d2bb343f58250b8359dbd8790,2022-06-19T23:49:04Z,1,Tu veux pas racket un mec qu'a les moyen demain de tout se racheter üé∂,6603ed0f02cb4839aef2ea0c57cba39b
spotify:track:7MFYyeIFUMaY40uFoibJwa,2e01487d2bb343f58250b8359dbd8790,2022-06-19T23:49:04Z,2,"Weird to kick off summer vacation with School House Rock, but it‚Äôs a jam",6603ed0f02cb4839aef2ea0c57cba39b
spotify:track:0QCDJxKiDTxFbecmoCM1nO,3c4e83d58ab5477bba8d04ae93c4aac4,2022-06-20T17:23:40Z,3,I forgot about this song. It's so pretty!,6603ed0f02cb4839aef2ea0c57cba39b
spotify:track:2CzWeyC9zlDpIOZPUUKrBW,3c4e83d58ab5477bba8d04ae93c4aac4,2022-06-20T17:23:40Z,0,+1 point for Kirstie vibes. -1 point for teaching children incorrect counting. ,6603ed0f02cb4839aef2ea0c57cba39b
spotify:track:2p135yZ7tfiDglFOWM8syN,3c4e83d58ab5477bba8d04ae93c4aac4,2022-06-20T17:23:40Z,0,Now I know *two* Led Zeppelin songs. ,6603ed0f02cb4839aef2ea0c57cba39b
spotify:track:3tynLfCMPGbkMKLm9p960T,3c4e83d58ab5477bba8d04ae93c4aac4,2022-06-20T17:23:40Z,2,This is a bop. ,6603ed0f02cb4839aef2ea0c57cba39b
spotify:track:4MSBBvp8dGUt2JWErEwUEe,3c4e83d58ab5477bba8d04ae93c4aac4,2022-06-20T17:23:40Z,0,If I had any more points I'd definitely throw one your way. Good vibes. ,6603ed0f02cb4839aef2ea0c57cba39b
spotify:track:5sWF1EZGm727f3b620vkbC,3c4e83d58ab5477bba8d04ae93c4aac4,2022-06-20T17:23:40Z,1,I think this is the first time I've heard a Bon Iver song and known that's what I'm hearing. +1 for the alien choir ,6603ed0f02cb4839aef2ea0c57cba39b
spotify:track:6rjtB7KSIiJ6v9vrACMlqF,3c4e83d58ab5477bba8d04ae93c4aac4,2022-06-20T17:23:40Z,1,Classic,6603ed0f02cb4839aef2ea0c57cba39b
spotify:track:6wU6t8hqT3hxOsXk8S2Dgr,3c4e83d58ab5477bba8d04ae93c4aac4,2022-06-20T17:23:40Z,0,Freedom fries not french fries ,6603ed0f02cb4839aef2ea0c57cba39b
spotify:track:7MFYyeIFUMaY40uFoibJwa,3c4e83d58ab5477bba8d04ae93c4aac4,2022-06-20T17:23:40Z,3,This is such a good song. ,6603ed0f02cb4839aef2ea0c57cba39b
spotify:track:2CzWeyC9zlDpIOZPUUKrBW,d4d873667860433b9e0feec8ef6f1b3d,2022-06-21T01:36:48Z,1,,6603ed0f02cb4839aef2ea0c57cba39b
spotify:track:3tynLfCMPGbkMKLm9p960T,d4d873667860433b9e0feec8ef6f1b3d,2022-06-21T01:36:48Z,1,,6603ed0f02cb4839aef2ea0c57cba39b
spotify:track:4MSBBvp8dGUt2JWErEwUEe,d4d873667860433b9e0feec8ef6f1b3d,2022-06-21T01:36:48Z,2,I do like me some Sidonie. We often listed to them while I'm getting whomped in Dutch Blitz. ,6603ed0f02cb4839aef2ea0c57cba39b
spotify:track:4w3tQBXhn5345eUXDGBWZG,d4d873667860433b9e0feec8ef6f1b3d,2022-06-21T01:36:48Z,3,I forgot what a good song this is. The movie is a hoot. I wonder if it has aged well?,6603ed0f02cb4839aef2ea0c57cba39b
spotify:track:5sWF1EZGm727f3b620vkbC,d4d873667860433b9e0feec8ef6f1b3d,2022-06-21T01:36:48Z,0,Is this what HAL is up to now? ,6603ed0f02cb4839aef2ea0c57cba39b
spotify:track:7MFYyeIFUMaY40uFoibJwa,d4d873667860433b9e0feec8ef6f1b3d,2022-06-21T01:36:48Z,3,School Rock slaps. ,6603ed0f02cb4839aef2ea0c57cba39b
spotify:track:0QCDJxKiDTxFbecmoCM1nO,dd77ebc3b461474daa9e9b43c4377cd5,2022-06-21T04:56:02Z,1,,6603ed0f02cb4839aef2ea0c57cba39b
spotify:track:3tynLfCMPGbkMKLm9p960T,dd77ebc3b461474daa9e9b43c4377cd5,2022-06-21T04:56:02Z,1,,6603ed0f02cb4839aef2ea0c57cba39b
spotify:track:4w3tQBXhn5345eUXDGBWZG,dd77ebc3b461474daa9e9b43c4377cd5,2022-06-21T04:56:02Z,2,,6603ed0f02cb4839aef2ea0c57cba39b
spotify:track:6wU6t8hqT3hxOsXk8S2Dgr,dd77ebc3b461474daa9e9b43c4377cd5,2022-06-21T04:56:02Z,4,I implore everyone to watch the music video for this,6603ed0f02cb4839aef2ea0c57cba39b
spotify:track:7MFYyeIFUMaY40uFoibJwa,dd77ebc3b461474daa9e9b43c4377cd5,2022-06-21T04:56:02Z,2,,6603ed0f02cb4839aef2ea0c57cba39b
spotify:track:0QCDJxKiDTxFbecmoCM1nO,53954cca040b418fbc8f42043c323187,2022-06-21T15:18:49Z,1,,6603ed0f02cb4839aef2ea0c57cba39b
spotify:track:2p135yZ7tfiDglFOWM8syN,53954cca040b418fbc8f42043c323187,2022-06-21T15:18:49Z,1,,6603ed0f02cb4839aef2ea0c57cba39b
spotify:track:4w3tQBXhn5345eUXDGBWZG,53954cca040b418fbc8f42043c323187,2022-06-21T15:18:49Z,1,,6603ed0f02cb4839aef2ea0c57cba39b
spotify:track:5sWF1EZGm727f3b620vkbC,53954cca040b418fbc8f42043c323187,2022-06-21T15:18:49Z,1,,6603ed0f02cb4839aef2ea0c57cba39b
spotify:track:6rjtB7KSIiJ6v9vrACMlqF,53954cca040b418fbc8f42043c323187,2022-06-21T15:18:49Z,3,,6603ed0f02cb4839aef2ea0c57cba39b
spotify:track:7MFYyeIFUMaY40uFoibJwa,53954cca040b418fbc8f42043c323187,2022-06-21T15:18:49Z,3,,6603ed0f02cb4839aef2ea0c57cba39b
spotify:track:1FwFVKRNX1IV4eEZSGGg5M,45aed3c10e8c45c98b4a63680e9da7b7,2022-06-22T05:47:52Z,4,This song rules. All I want to do is shimmy my shoulders when I hear it. ,78f31eea35ae4909b94cca957cb80a98
spotify:track:26xgsmehYgIfX0vnKVN8GD,45aed3c10e8c45c98b4a63680e9da7b7,2022-06-22T05:47:52Z,0,This felt like a fever dream. ,78f31eea35ae4909b94cca957cb80a98
spotify:track:29QmoL1eeQrs6MEfKImfBV,45aed3c10e8c45c98b4a63680e9da7b7,2022-06-22T05:47:52Z,0,"Weird fishes, more like weird song am I right?",78f31eea35ae4909b94cca957cb80a98
spotify:track:54OBgO0Xwu20Jak9TMXbR7,45aed3c10e8c45c98b4a63680e9da7b7,2022-06-22T05:47:52Z,1,Love a good shanty. ,78f31eea35ae4909b94cca957cb80a98
spotify:track:5pY3EiMXG8nJPAVpsBw44B,45aed3c10e8c45c98b4a63680e9da7b7,2022-06-22T05:47:52Z,0,"Not big on the song, but I do love the band name. ",78f31eea35ae4909b94cca957cb80a98
spotify:track:69k9lfQ3fwFek1wLZ6Aeor,45aed3c10e8c45c98b4a63680e9da7b7,2022-06-22T05:47:52Z,0,I do not speak this language. ,78f31eea35ae4909b94cca957cb80a98
spotify:track:6mm3BGVN6zER6t8mDjM8cQ,45aed3c10e8c45c98b4a63680e9da7b7,2022-06-22T05:47:52Z,3,"Unless the selkie had a really cool house that was better than where I was already living, I don‚Äôt think I would be tempted to move underwater. ",78f31eea35ae4909b94cca957cb80a98
spotify:track:6VU8d2TR0vwuiJZafGE5ro,45aed3c10e8c45c98b4a63680e9da7b7,2022-06-22T05:47:52Z,1,I‚Äôm glad someone else appreciates super long songs that end 7 times. ,78f31eea35ae4909b94cca957cb80a98
spotify:track:6ZgigeSB0XUMqc0jjzaq6d,45aed3c10e8c45c98b4a63680e9da7b7,2022-06-22T05:47:52Z,1,This is the song that has the most made up nonsense words this round. And for that reason I am awarding it points. ,78f31eea35ae4909b94cca957cb80a98
spotify:track:1FwFVKRNX1IV4eEZSGGg5M,53954cca040b418fbc8f42043c323187,2022-06-22T16:19:40Z,2,,78f31eea35ae4909b94cca957cb80a98
spotify:track:29QmoL1eeQrs6MEfKImfBV,53954cca040b418fbc8f42043c323187,2022-06-22T16:19:40Z,2,,78f31eea35ae4909b94cca957cb80a98
spotify:track:5pY3EiMXG8nJPAVpsBw44B,53954cca040b418fbc8f42043c323187,2022-06-22T16:19:40Z,4,,78f31eea35ae4909b94cca957cb80a98
spotify:track:6VU8d2TR0vwuiJZafGE5ro,53954cca040b418fbc8f42043c323187,2022-06-22T16:19:40Z,1,,78f31eea35ae4909b94cca957cb80a98
spotify:track:6ZgigeSB0XUMqc0jjzaq6d,53954cca040b418fbc8f42043c323187,2022-06-22T16:19:40Z,1,,78f31eea35ae4909b94cca957cb80a98
spotify:track:1FwFVKRNX1IV4eEZSGGg5M,2e01487d2bb343f58250b8359dbd8790,2022-06-22T16:20:48Z,2,But why do whales have feet,78f31eea35ae4909b94cca957cb80a98
spotify:track:26xgsmehYgIfX0vnKVN8GD,2e01487d2bb343f58250b8359dbd8790,2022-06-22T16:20:48Z,3,A great jam,78f31eea35ae4909b94cca957cb80a98
spotify:track:29QmoL1eeQrs6MEfKImfBV,2e01487d2bb343f58250b8359dbd8790,2022-06-22T16:20:48Z,1,The ending of this song is dope,78f31eea35ae4909b94cca957cb80a98
spotify:track:54OBgO0Xwu20Jak9TMXbR7,2e01487d2bb343f58250b8359dbd8790,2022-06-22T16:20:48Z,1,Classic,78f31eea35ae4909b94cca957cb80a98
spotify:track:69k9lfQ3fwFek1wLZ6Aeor,2e01487d2bb343f58250b8359dbd8790,2022-06-22T16:20:48Z,0,"Once I was certain this song was not actually English, the chorus came haha (cool song I wish I had more points to giiiiive)",78f31eea35ae4909b94cca957cb80a98
spotify:track:6VU8d2TR0vwuiJZafGE5ro,2e01487d2bb343f58250b8359dbd8790,2022-06-22T16:20:48Z,0,"I listened to this in full, but that‚Äôs all I‚Äôm giving to this song",78f31eea35ae4909b94cca957cb80a98
spotify:track:6ZgigeSB0XUMqc0jjzaq6d,2e01487d2bb343f58250b8359dbd8790,2022-06-22T16:20:48Z,1,I keep going back and forth on if I should reward this for the throwaway eel line,78f31eea35ae4909b94cca957cb80a98
spotify:track:7heMgrKrVBzzHQdg75Hdr0,2e01487d2bb343f58250b8359dbd8790,2022-06-22T16:20:48Z,2,I‚Äôve got a lot of nostalgia for the Aquabats,78f31eea35ae4909b94cca957cb80a98
spotify:track:1FwFVKRNX1IV4eEZSGGg5M,04c84c21eb3f476a906541faa6818b13,2022-06-22T16:22:04Z,3,hey this is some good low volume funk,78f31eea35ae4909b94cca957cb80a98
spotify:track:26xgsmehYgIfX0vnKVN8GD,04c84c21eb3f476a906541faa6818b13,2022-06-22T16:22:04Z,3,üëÅü¶êüëÅ,78f31eea35ae4909b94cca957cb80a98
spotify:track:5pY3EiMXG8nJPAVpsBw44B,04c84c21eb3f476a906541faa6818b13,2022-06-22T16:22:04Z,3,king gizz can truly do it all,78f31eea35ae4909b94cca957cb80a98
spotify:track:69k9lfQ3fwFek1wLZ6Aeor,04c84c21eb3f476a906541faa6818b13,2022-06-22T16:22:04Z,1,i wish i was a surf boy,78f31eea35ae4909b94cca957cb80a98
spotify:track:1FwFVKRNX1IV4eEZSGGg5M,faf071c5961f4195a9575494a1bed466,2022-06-24T00:16:52Z,1,My favorite is the bass,78f31eea35ae4909b94cca957cb80a98
spotify:track:26xgsmehYgIfX0vnKVN8GD,faf071c5961f4195a9575494a1bed466,2022-06-24T00:16:52Z,3,That acid drip bass effect.,78f31eea35ae4909b94cca957cb80a98
spotify:track:29QmoL1eeQrs6MEfKImfBV,faf071c5961f4195a9575494a1bed466,2022-06-24T00:16:52Z,4,Very atmospheric and lots of variety.,78f31eea35ae4909b94cca957cb80a98
spotify:track:54OBgO0Xwu20Jak9TMXbR7,faf071c5961f4195a9575494a1bed466,2022-06-24T00:16:52Z,0,"This is actually my first time listening to this song all the way through, despite the pandemic sea shanty era. Apparently it's about a whale?",78f31eea35ae4909b94cca957cb80a98
spotify:track:5pY3EiMXG8nJPAVpsBw44B,faf071c5961f4195a9575494a1bed466,2022-06-24T00:16:52Z,1,A song about not wanting to hurt fishies? Yes.,78f31eea35ae4909b94cca957cb80a98
spotify:track:69k9lfQ3fwFek1wLZ6Aeor,faf071c5961f4195a9575494a1bed466,2022-06-24T00:16:52Z,1,Don't need to know what they're saying to like it.,78f31eea35ae4909b94cca957cb80a98
spotify:track:6ZgigeSB0XUMqc0jjzaq6d,faf071c5961f4195a9575494a1bed466,2022-06-24T00:16:52Z,0,This song spurred me to perform various sneaky actions.,78f31eea35ae4909b94cca957cb80a98
spotify:track:26xgsmehYgIfX0vnKVN8GD,6d7e96d013a845369bf8f206bfb7c773,2022-06-24T01:28:53Z,3,PRAAAAAWWWWN,78f31eea35ae4909b94cca957cb80a98
spotify:track:29QmoL1eeQrs6MEfKImfBV,6d7e96d013a845369bf8f206bfb7c773,2022-06-24T01:28:53Z,1,we are all weird fishies,78f31eea35ae4909b94cca957cb80a98
spotify:track:54OBgO0Xwu20Jak9TMXbR7,6d7e96d013a845369bf8f206bfb7c773,2022-06-24T01:28:53Z,0,I think the Wellerman already came,78f31eea35ae4909b94cca957cb80a98
spotify:track:5pY3EiMXG8nJPAVpsBw44B,6d7e96d013a845369bf8f206bfb7c773,2022-06-24T01:28:53Z,1,"I think this is my first time listening to the critically acclaimed King Gizz & the LIz. Instrumentals were 11/10, lyrics were um... not quite that... to me.",78f31eea35ae4909b94cca957cb80a98
spotify:track:69k9lfQ3fwFek1wLZ6Aeor,6d7e96d013a845369bf8f206bfb7c773,2022-06-24T01:28:53Z,2,this song is so pure. shark time,78f31eea35ae4909b94cca957cb80a98
spotify:track:6mm3BGVN6zER6t8mDjM8cQ,6d7e96d013a845369bf8f206bfb7c773,2022-06-24T01:28:53Z,1,nice male selkie rep. you don't get that every day.,78f31eea35ae4909b94cca957cb80a98
spotify:track:6VU8d2TR0vwuiJZafGE5ro,6d7e96d013a845369bf8f206bfb7c773,2022-06-24T01:28:53Z,2,tidepools in a microcosmic galaxy,78f31eea35ae4909b94cca957cb80a98
spotify:track:6ZgigeSB0XUMqc0jjzaq6d,6d7e96d013a845369bf8f206bfb7c773,2022-06-24T01:28:53Z,0,"I know this song doesn't technically mention anything about Christmas, but that's no excuse for playing this song in June",78f31eea35ae4909b94cca957cb80a98
spotify:track:7heMgrKrVBzzHQdg75Hdr0,6d7e96d013a845369bf8f206bfb7c773,2022-06-24T01:28:53Z,0,very lobster. needed more crabs or isopods. sea spiders maybe,78f31eea35ae4909b94cca957cb80a98
spotify:track:1FwFVKRNX1IV4eEZSGGg5M,d4d873667860433b9e0feec8ef6f1b3d,2022-06-24T03:47:24Z,1,Sick beats. ,78f31eea35ae4909b94cca957cb80a98
spotify:track:5pY3EiMXG8nJPAVpsBw44B,d4d873667860433b9e0feec8ef6f1b3d,2022-06-24T03:47:24Z,1,Groovy. Nice harmonica. ,78f31eea35ae4909b94cca957cb80a98
spotify:track:69k9lfQ3fwFek1wLZ6Aeor,d4d873667860433b9e0feec8ef6f1b3d,2022-06-24T03:47:24Z,1,Little bit screamy at times but cool guitar. ,78f31eea35ae4909b94cca957cb80a98
spotify:track:6mm3BGVN6zER6t8mDjM8cQ,d4d873667860433b9e0feec8ef6f1b3d,2022-06-24T03:47:24Z,3,I do love a good folk song. I‚Äôll look up more songs by this artist. ,78f31eea35ae4909b94cca957cb80a98
spotify:track:6ZgigeSB0XUMqc0jjzaq6d,d4d873667860433b9e0feec8ef6f1b3d,2022-06-24T03:47:24Z,2,You‚Äôre a triple decker sauerkraut and toadstool sandwich with arsenic sauce. Iconic. ,78f31eea35ae4909b94cca957cb80a98
spotify:track:7heMgrKrVBzzHQdg75Hdr0,d4d873667860433b9e0feec8ef6f1b3d,2022-06-24T03:47:24Z,2,That brass tho. This is glorious. Didn‚Äôt the Wonder Pets do a cover of this?,78f31eea35ae4909b94cca957cb80a98
spotify:track:1FwFVKRNX1IV4eEZSGGg5M,3632dbc7e55d4e3380f090997355e7ae,2022-06-24T04:35:10Z,2,"Don‚Äôt stop the funk, don‚Äôt stop the funk, don‚Äôt stop it. ",78f31eea35ae4909b94cca957cb80a98
spotify:track:26xgsmehYgIfX0vnKVN8GD,3632dbc7e55d4e3380f090997355e7ae,2022-06-24T04:35:10Z,0,Weird song. But probably the sea creature-iest one of the bunch. ,78f31eea35ae4909b94cca957cb80a98
spotify:track:54OBgO0Xwu20Jak9TMXbR7,3632dbc7e55d4e3380f090997355e7ae,2022-06-24T04:35:10Z,2,I thought they were singing about the weatherman coming. So what is a wellerman?,78f31eea35ae4909b94cca957cb80a98
spotify:track:5pY3EiMXG8nJPAVpsBw44B,3632dbc7e55d4e3380f090997355e7ae,2022-06-24T04:35:10Z,1,,78f31eea35ae4909b94cca957cb80a98
spotify:track:69k9lfQ3fwFek1wLZ6Aeor,3632dbc7e55d4e3380f090997355e7ae,2022-06-24T04:35:10Z,1,,78f31eea35ae4909b94cca957cb80a98
spotify:track:6mm3BGVN6zER6t8mDjM8cQ,3632dbc7e55d4e3380f090997355e7ae,2022-06-24T04:35:10Z,1,,78f31eea35ae4909b94cca957cb80a98
spotify:track:6VU8d2TR0vwuiJZafGE5ro,3632dbc7e55d4e3380f090997355e7ae,2022-06-24T04:35:10Z,0,"A long-overdue appearance by Geddy & friends. I like to imagine that after the brain surgery break, they came back out and performed Chicken in Black. ",78f31eea35ae4909b94cca957cb80a98
spotify:track:7heMgrKrVBzzHQdg75Hdr0,3632dbc7e55d4e3380f090997355e7ae,2022-06-24T04:35:10Z,3,I love the Wonderpets!!! Great song. ,78f31eea35ae4909b94cca957cb80a98
spotify:track:1FwFVKRNX1IV4eEZSGGg5M,3c4e83d58ab5477bba8d04ae93c4aac4,2022-06-24T05:17:49Z,4,,78f31eea35ae4909b94cca957cb80a98
spotify:track:54OBgO0Xwu20Jak9TMXbR7,3c4e83d58ab5477bba8d04ae93c4aac4,2022-06-24T05:17:49Z,1,,78f31eea35ae4909b94cca957cb80a98
spotify:track:69k9lfQ3fwFek1wLZ6Aeor,3c4e83d58ab5477bba8d04ae93c4aac4,2022-06-24T05:17:49Z,3,,78f31eea35ae4909b94cca957cb80a98
spotify:track:6ZgigeSB0XUMqc0jjzaq6d,3c4e83d58ab5477bba8d04ae93c4aac4,2022-06-24T05:17:49Z,1,,78f31eea35ae4909b94cca957cb80a98
spotify:track:7heMgrKrVBzzHQdg75Hdr0,3c4e83d58ab5477bba8d04ae93c4aac4,2022-06-24T05:17:49Z,1,,78f31eea35ae4909b94cca957cb80a98
spotify:track:1FwFVKRNX1IV4eEZSGGg5M,dd77ebc3b461474daa9e9b43c4377cd5,2022-06-24T16:02:37Z,3,,78f31eea35ae4909b94cca957cb80a98
spotify:track:29QmoL1eeQrs6MEfKImfBV,dd77ebc3b461474daa9e9b43c4377cd5,2022-06-24T16:02:37Z,1,,78f31eea35ae4909b94cca957cb80a98
spotify:track:5pY3EiMXG8nJPAVpsBw44B,dd77ebc3b461474daa9e9b43c4377cd5,2022-06-24T16:02:37Z,1,,78f31eea35ae4909b94cca957cb80a98
spotify:track:6mm3BGVN6zER6t8mDjM8cQ,dd77ebc3b461474daa9e9b43c4377cd5,2022-06-24T16:02:37Z,3,,78f31eea35ae4909b94cca957cb80a98
spotify:track:6VU8d2TR0vwuiJZafGE5ro,dd77ebc3b461474daa9e9b43c4377cd5,2022-06-24T16:02:37Z,1,,78f31eea35ae4909b94cca957cb80a98
spotify:track:6ZgigeSB0XUMqc0jjzaq6d,dd77ebc3b461474daa9e9b43c4377cd5,2022-06-24T16:02:37Z,1,,78f31eea35ae4909b94cca957cb80a98
spotify:track:20Sld1bVccKrfCcWqDjCqa,faf071c5961f4195a9575494a1bed466,2022-06-26T15:42:52Z,5,Nice voice.,979db046fe8a47e5b400c4fe7a5f6cf5
spotify:track:40ZTTezGy5R2Led0sO0kn6,faf071c5961f4195a9575494a1bed466,2022-06-26T15:42:52Z,2,,979db046fe8a47e5b400c4fe7a5f6cf5
spotify:track:6BBHu0wwIQZoqoPsrG7Bgz,faf071c5961f4195a9575494a1bed466,2022-06-26T15:42:52Z,1,,979db046fe8a47e5b400c4fe7a5f6cf5
spotify:track:71JSog0YrgWmY0D0CPkqot,faf071c5961f4195a9575494a1bed466,2022-06-26T15:42:52Z,2,Love this song. So peaceful.,979db046fe8a47e5b400c4fe7a5f6cf5
spotify:track:20Sld1bVccKrfCcWqDjCqa,45aed3c10e8c45c98b4a63680e9da7b7,2022-06-27T00:10:46Z,2,I actually do not know the way. But I think I can figure it out. ,979db046fe8a47e5b400c4fe7a5f6cf5
spotify:track:3NUAOPFCMJg4di2qhy2lso,45aed3c10e8c45c98b4a63680e9da7b7,2022-06-27T00:10:46Z,3,What a voice!,979db046fe8a47e5b400c4fe7a5f6cf5
spotify:track:3RXozqS8icK2YGcIggW7KM,45aed3c10e8c45c98b4a63680e9da7b7,2022-06-27T00:10:46Z,1,,979db046fe8a47e5b400c4fe7a5f6cf5
spotify:track:40ZTTezGy5R2Led0sO0kn6,45aed3c10e8c45c98b4a63680e9da7b7,2022-06-27T00:10:46Z,1,,979db046fe8a47e5b400c4fe7a5f6cf5
spotify:track:4myeBw35GUMw5FyDGZcOON,45aed3c10e8c45c98b4a63680e9da7b7,2022-06-27T00:10:46Z,1,This group is growing on me. ,979db046fe8a47e5b400c4fe7a5f6cf5
spotify:track:6BBHu0wwIQZoqoPsrG7Bgz,45aed3c10e8c45c98b4a63680e9da7b7,2022-06-27T00:10:46Z,0,I award this song no points. I do like the baseball park style organ in it. ,979db046fe8a47e5b400c4fe7a5f6cf5
spotify:track:6BjA6FWovt4T2T5ZIW1XJQ,45aed3c10e8c45c98b4a63680e9da7b7,2022-06-27T00:10:46Z,1,,979db046fe8a47e5b400c4fe7a5f6cf5
spotify:track:6erBowZaW6Ur3vNOWhS2zM,45aed3c10e8c45c98b4a63680e9da7b7,2022-06-27T00:10:46Z,0,This song feels like a parody of something I don‚Äôt know. I feel lost listening to it. ,979db046fe8a47e5b400c4fe7a5f6cf5
spotify:track:71JSog0YrgWmY0D0CPkqot,45aed3c10e8c45c98b4a63680e9da7b7,2022-06-27T00:10:46Z,1,,979db046fe8a47e5b400c4fe7a5f6cf5
spotify:track:20Sld1bVccKrfCcWqDjCqa,6d7e96d013a845369bf8f206bfb7c773,2022-06-27T14:07:37Z,1,,979db046fe8a47e5b400c4fe7a5f6cf5
spotify:track:3RXozqS8icK2YGcIggW7KM,6d7e96d013a845369bf8f206bfb7c773,2022-06-27T14:07:37Z,1,,979db046fe8a47e5b400c4fe7a5f6cf5
spotify:track:4myeBw35GUMw5FyDGZcOON,6d7e96d013a845369bf8f206bfb7c773,2022-06-27T14:07:37Z,3,,979db046fe8a47e5b400c4fe7a5f6cf5
spotify:track:6BBHu0wwIQZoqoPsrG7Bgz,6d7e96d013a845369bf8f206bfb7c773,2022-06-27T14:07:37Z,1,,979db046fe8a47e5b400c4fe7a5f6cf5
spotify:track:6BjA6FWovt4T2T5ZIW1XJQ,6d7e96d013a845369bf8f206bfb7c773,2022-06-27T14:07:37Z,1,,979db046fe8a47e5b400c4fe7a5f6cf5
spotify:track:6erBowZaW6Ur3vNOWhS2zM,6d7e96d013a845369bf8f206bfb7c773,2022-06-27T14:07:37Z,3,Only song on this playlist that was banned in Thailand ,979db046fe8a47e5b400c4fe7a5f6cf5
spotify:track:20Sld1bVccKrfCcWqDjCqa,04c84c21eb3f476a906541faa6818b13,2022-06-27T15:49:30Z,1,never thought i‚Äôd hear such an ode to san jose ,979db046fe8a47e5b400c4fe7a5f6cf5
spotify:track:3NUAOPFCMJg4di2qhy2lso,04c84c21eb3f476a906541faa6818b13,2022-06-27T15:49:30Z,2,"cool rendition, very grand",979db046fe8a47e5b400c4fe7a5f6cf5
spotify:track:3RXozqS8icK2YGcIggW7KM,04c84c21eb3f476a906541faa6818b13,2022-06-27T15:49:30Z,2,good song,979db046fe8a47e5b400c4fe7a5f6cf5
spotify:track:40ZTTezGy5R2Led0sO0kn6,04c84c21eb3f476a906541faa6818b13,2022-06-27T15:49:30Z,3,classic,979db046fe8a47e5b400c4fe7a5f6cf5
spotify:track:4myeBw35GUMw5FyDGZcOON,04c84c21eb3f476a906541faa6818b13,2022-06-27T15:49:30Z,1,great guitar,979db046fe8a47e5b400c4fe7a5f6cf5
spotify:track:6erBowZaW6Ur3vNOWhS2zM,04c84c21eb3f476a906541faa6818b13,2022-06-27T15:49:30Z,1,this is something else,979db046fe8a47e5b400c4fe7a5f6cf5
spotify:track:20Sld1bVccKrfCcWqDjCqa,53954cca040b418fbc8f42043c323187,2022-06-27T16:41:44Z,2,,979db046fe8a47e5b400c4fe7a5f6cf5
spotify:track:3NUAOPFCMJg4di2qhy2lso,53954cca040b418fbc8f42043c323187,2022-06-27T16:41:44Z,1,,979db046fe8a47e5b400c4fe7a5f6cf5
spotify:track:40ZTTezGy5R2Led0sO0kn6,53954cca040b418fbc8f42043c323187,2022-06-27T16:41:44Z,1,,979db046fe8a47e5b400c4fe7a5f6cf5
spotify:track:4myeBw35GUMw5FyDGZcOON,53954cca040b418fbc8f42043c323187,2022-06-27T16:41:44Z,2,,979db046fe8a47e5b400c4fe7a5f6cf5
spotify:track:6BBHu0wwIQZoqoPsrG7Bgz,53954cca040b418fbc8f42043c323187,2022-06-27T16:41:44Z,1,,979db046fe8a47e5b400c4fe7a5f6cf5
spotify:track:6erBowZaW6Ur3vNOWhS2zM,53954cca040b418fbc8f42043c323187,2022-06-27T16:41:44Z,3,,979db046fe8a47e5b400c4fe7a5f6cf5
spotify:track:3NUAOPFCMJg4di2qhy2lso,3632dbc7e55d4e3380f090997355e7ae,2022-06-28T06:23:52Z,2,Cool instrumentation. ,979db046fe8a47e5b400c4fe7a5f6cf5
spotify:track:3RXozqS8icK2YGcIggW7KM,3632dbc7e55d4e3380f090997355e7ae,2022-06-28T06:23:52Z,1,,979db046fe8a47e5b400c4fe7a5f6cf5
spotify:track:40ZTTezGy5R2Led0sO0kn6,3632dbc7e55d4e3380f090997355e7ae,2022-06-28T06:23:52Z,1,"I want to give this more points, but I ran out. ",979db046fe8a47e5b400c4fe7a5f6cf5
spotify:track:4myeBw35GUMw5FyDGZcOON,3632dbc7e55d4e3380f090997355e7ae,2022-06-28T06:23:52Z,1,,979db046fe8a47e5b400c4fe7a5f6cf5
spotify:track:5fMsCc2EkCdLAo78iVlLgA,3632dbc7e55d4e3380f090997355e7ae,2022-06-28T06:23:52Z,1,,979db046fe8a47e5b400c4fe7a5f6cf5
spotify:track:6BjA6FWovt4T2T5ZIW1XJQ,3632dbc7e55d4e3380f090997355e7ae,2022-06-28T06:23:52Z,2,,979db046fe8a47e5b400c4fe7a5f6cf5
spotify:track:71JSog0YrgWmY0D0CPkqot,3632dbc7e55d4e3380f090997355e7ae,2022-06-28T06:23:52Z,2,Nice. ,979db046fe8a47e5b400c4fe7a5f6cf5
spotify:track:20Sld1bVccKrfCcWqDjCqa,d4d873667860433b9e0feec8ef6f1b3d,2022-06-28T06:24:34Z,2,"Well, first get on 680 southbound‚Ä¶",979db046fe8a47e5b400c4fe7a5f6cf5
spotify:track:3NUAOPFCMJg4di2qhy2lso,d4d873667860433b9e0feec8ef6f1b3d,2022-06-28T06:24:34Z,1,Sweet horns. ,979db046fe8a47e5b400c4fe7a5f6cf5
spotify:track:3RXozqS8icK2YGcIggW7KM,d4d873667860433b9e0feec8ef6f1b3d,2022-06-28T06:24:34Z,1,I dig the chorus. ,979db046fe8a47e5b400c4fe7a5f6cf5
spotify:track:40ZTTezGy5R2Led0sO0kn6,d4d873667860433b9e0feec8ef6f1b3d,2022-06-28T06:24:34Z,2,There is just so much to like about this song. ,979db046fe8a47e5b400c4fe7a5f6cf5
spotify:track:4myeBw35GUMw5FyDGZcOON,d4d873667860433b9e0feec8ef6f1b3d,2022-06-28T06:24:34Z,1,I‚Äôm grooving to these sick beats. ,979db046fe8a47e5b400c4fe7a5f6cf5
spotify:track:5fMsCc2EkCdLAo78iVlLgA,d4d873667860433b9e0feec8ef6f1b3d,2022-06-28T06:24:34Z,1,I‚Äôm a sucker for Scottish accents and sentimental songs with impassioned string sections. ,979db046fe8a47e5b400c4fe7a5f6cf5
spotify:track:6BBHu0wwIQZoqoPsrG7Bgz,d4d873667860433b9e0feec8ef6f1b3d,2022-06-28T06:24:34Z,0,Hmm. Not a big fan of the twangy keyboard. ,979db046fe8a47e5b400c4fe7a5f6cf5
spotify:track:6erBowZaW6Ur3vNOWhS2zM,d4d873667860433b9e0feec8ef6f1b3d,2022-06-28T06:24:34Z,1,I forgot about this song. Funky. ,979db046fe8a47e5b400c4fe7a5f6cf5
spotify:track:71JSog0YrgWmY0D0CPkqot,d4d873667860433b9e0feec8ef6f1b3d,2022-06-28T06:24:34Z,1,Gorgeous duet. ,979db046fe8a47e5b400c4fe7a5f6cf5
spotify:track:3RXozqS8icK2YGcIggW7KM,2e01487d2bb343f58250b8359dbd8790,2022-06-28T22:32:34Z,1,A vote for the ladies,979db046fe8a47e5b400c4fe7a5f6cf5
spotify:track:4myeBw35GUMw5FyDGZcOON,2e01487d2bb343f58250b8359dbd8790,2022-06-28T22:32:34Z,3,"Fun guitar, my dude",979db046fe8a47e5b400c4fe7a5f6cf5
spotify:track:6BBHu0wwIQZoqoPsrG7Bgz,2e01487d2bb343f58250b8359dbd8790,2022-06-28T22:32:34Z,4,OH YA YA YA YA YA,979db046fe8a47e5b400c4fe7a5f6cf5
spotify:track:6BjA6FWovt4T2T5ZIW1XJQ,2e01487d2bb343f58250b8359dbd8790,2022-06-28T22:32:34Z,1,I‚Äôm too white to not give a vote to a country song,979db046fe8a47e5b400c4fe7a5f6cf5
spotify:track:6erBowZaW6Ur3vNOWhS2zM,2e01487d2bb343f58250b8359dbd8790,2022-06-28T22:32:34Z,0,He sounds like the have you checked your butthole guy,979db046fe8a47e5b400c4fe7a5f6cf5
spotify:track:71JSog0YrgWmY0D0CPkqot,2e01487d2bb343f58250b8359dbd8790,2022-06-28T22:32:34Z,1,A good song to nod your head to,979db046fe8a47e5b400c4fe7a5f6cf5
spotify:track:20Sld1bVccKrfCcWqDjCqa,3c4e83d58ab5477bba8d04ae93c4aac4,2022-06-30T03:25:14Z,1,But do you know the way??,979db046fe8a47e5b400c4fe7a5f6cf5
spotify:track:3NUAOPFCMJg4di2qhy2lso,3c4e83d58ab5477bba8d04ae93c4aac4,2022-06-30T03:25:14Z,1,I like this guy‚Äôs vibe ,979db046fe8a47e5b400c4fe7a5f6cf5
spotify:track:3RXozqS8icK2YGcIggW7KM,3c4e83d58ab5477bba8d04ae93c4aac4,2022-06-30T03:25:14Z,2,This song prompted a dispute over how to pronounce the artist name so +1 for that and +1 for the grooves,979db046fe8a47e5b400c4fe7a5f6cf5
spotify:track:4myeBw35GUMw5FyDGZcOON,3c4e83d58ab5477bba8d04ae93c4aac4,2022-06-30T03:25:14Z,0,"Surfer boy back again, I see. So sorry I seem to have run out of points. ",979db046fe8a47e5b400c4fe7a5f6cf5
spotify:track:5fMsCc2EkCdLAo78iVlLgA,3c4e83d58ab5477bba8d04ae93c4aac4,2022-06-30T03:25:14Z,3,Love a good melancholy Scottish song,979db046fe8a47e5b400c4fe7a5f6cf5
spotify:track:6BBHu0wwIQZoqoPsrG7Bgz,3c4e83d58ab5477bba8d04ae93c4aac4,2022-06-30T03:25:14Z,0,This song is 6 minutes too long. ,979db046fe8a47e5b400c4fe7a5f6cf5
spotify:track:6BjA6FWovt4T2T5ZIW1XJQ,3c4e83d58ab5477bba8d04ae93c4aac4,2022-06-30T03:25:14Z,2,Heck yeah.,979db046fe8a47e5b400c4fe7a5f6cf5
spotify:track:6erBowZaW6Ur3vNOWhS2zM,3c4e83d58ab5477bba8d04ae93c4aac4,2022-06-30T03:25:14Z,0,I require compensation for having been made to listen to this song. ,979db046fe8a47e5b400c4fe7a5f6cf5
spotify:track:71JSog0YrgWmY0D0CPkqot,3c4e83d58ab5477bba8d04ae93c4aac4,2022-06-30T03:25:14Z,1,This is a pretty good vibe for tapas eating I think ,979db046fe8a47e5b400c4fe7a5f6cf5
spotify:track:20Sld1bVccKrfCcWqDjCqa,dd77ebc3b461474daa9e9b43c4377cd5,2022-06-30T04:25:58Z,2,this song makes san jose sound much more magical and attractive than it actually is,979db046fe8a47e5b400c4fe7a5f6cf5
spotify:track:3NUAOPFCMJg4di2qhy2lso,dd77ebc3b461474daa9e9b43c4377cd5,2022-06-30T04:25:58Z,1,saaaanfraaaancisco,979db046fe8a47e5b400c4fe7a5f6cf5
spotify:track:3RXozqS8icK2YGcIggW7KM,dd77ebc3b461474daa9e9b43c4377cd5,2022-06-30T04:25:58Z,1,nice üëç,979db046fe8a47e5b400c4fe7a5f6cf5
spotify:track:5fMsCc2EkCdLAo78iVlLgA,dd77ebc3b461474daa9e9b43c4377cd5,2022-06-30T04:25:58Z,1,,979db046fe8a47e5b400c4fe7a5f6cf5
spotify:track:6BBHu0wwIQZoqoPsrG7Bgz,dd77ebc3b461474daa9e9b43c4377cd5,2022-06-30T04:25:58Z,1,,979db046fe8a47e5b400c4fe7a5f6cf5
spotify:track:6BjA6FWovt4T2T5ZIW1XJQ,dd77ebc3b461474daa9e9b43c4377cd5,2022-06-30T04:25:58Z,1,,979db046fe8a47e5b400c4fe7a5f6cf5
spotify:track:71JSog0YrgWmY0D0CPkqot,dd77ebc3b461474daa9e9b43c4377cd5,2022-06-30T04:25:58Z,3,soooprooo sooopraa soprar√°,979db046fe8a47e5b400c4fe7a5f6cf5
spotify:track:0dpyzcT3RMNNSd2xKBf35I,faf071c5961f4195a9575494a1bed466,2022-07-04T16:48:44Z,1,,f6b2fedbc69a4823a1286bccef77bb31
spotify:track:1mOU45yxv8r2JznweSBM3N,faf071c5961f4195a9575494a1bed466,2022-07-04T16:48:44Z,3,,f6b2fedbc69a4823a1286bccef77bb31
spotify:track:3RPjcyceIs824Edmp5ZqAE,faf071c5961f4195a9575494a1bed466,2022-07-04T16:48:44Z,4,A masterpiece.,f6b2fedbc69a4823a1286bccef77bb31
spotify:track:7roZOFtrpGYjcLLFZc2bp4,faf071c5961f4195a9575494a1bed466,2022-07-04T16:48:44Z,2,,f6b2fedbc69a4823a1286bccef77bb31
spotify:track:0dpyzcT3RMNNSd2xKBf35I,6d7e96d013a845369bf8f206bfb7c773,2022-07-04T22:00:35Z,2,A gentle introduction to this playlist ,f6b2fedbc69a4823a1286bccef77bb31
spotify:track:1VucjBWweQcxgy9Gk3lFFK,6d7e96d013a845369bf8f206bfb7c773,2022-07-04T22:00:35Z,1,AAAAaaaaAaaaa idk what's happening but I'm not against it ,f6b2fedbc69a4823a1286bccef77bb31
spotify:track:2hynpFtQsg5wqVevY8z6G7,6d7e96d013a845369bf8f206bfb7c773,2022-07-04T22:00:35Z,2,I mean it's very poppy but that's not a bad thing,f6b2fedbc69a4823a1286bccef77bb31
spotify:track:36I9E4bkyPauoXvKgT1xzL,6d7e96d013a845369bf8f206bfb7c773,2022-07-04T22:00:35Z,2,Cars are cars (all over the world),f6b2fedbc69a4823a1286bccef77bb31
spotify:track:3RPjcyceIs824Edmp5ZqAE,6d7e96d013a845369bf8f206bfb7c773,2022-07-04T22:00:35Z,0,Wow i can't believe i finally understand that xkcd joke after all these years ,f6b2fedbc69a4823a1286bccef77bb31
spotify:track:4nlvKIIetOWGIMyhjQXgOZ,6d7e96d013a845369bf8f206bfb7c773,2022-07-04T22:00:35Z,2,This seems tame for this playlist,f6b2fedbc69a4823a1286bccef77bb31
spotify:track:5E16OQaCqgzjtyC7EHNBgy,6d7e96d013a845369bf8f206bfb7c773,2022-07-04T22:00:35Z,0,I cannot. ,f6b2fedbc69a4823a1286bccef77bb31
spotify:track:7BTKLQRKjUfehCbt4ZsuwC,6d7e96d013a845369bf8f206bfb7c773,2022-07-04T22:00:35Z,1,I don't mind this song ,f6b2fedbc69a4823a1286bccef77bb31
spotify:track:7roZOFtrpGYjcLLFZc2bp4,6d7e96d013a845369bf8f206bfb7c773,2022-07-04T22:00:35Z,0,Hoo boy ,f6b2fedbc69a4823a1286bccef77bb31
spotify:track:0dpyzcT3RMNNSd2xKBf35I,45aed3c10e8c45c98b4a63680e9da7b7,2022-07-05T01:51:04Z,1,I want this to be over. ,f6b2fedbc69a4823a1286bccef77bb31
spotify:track:1mOU45yxv8r2JznweSBM3N,45aed3c10e8c45c98b4a63680e9da7b7,2022-07-05T01:51:04Z,1,If I am ever in a Russian night club I hope the music is loud enough to deafen me so I don‚Äôt have to listen to it anymore. ,f6b2fedbc69a4823a1286bccef77bb31
spotify:track:1VucjBWweQcxgy9Gk3lFFK,45aed3c10e8c45c98b4a63680e9da7b7,2022-07-05T01:51:04Z,1,This song makes me want to leave and find the cows and have them trample me. ,f6b2fedbc69a4823a1286bccef77bb31
spotify:track:2hynpFtQsg5wqVevY8z6G7,45aed3c10e8c45c98b4a63680e9da7b7,2022-07-05T01:51:04Z,1,This song is not my favorite,f6b2fedbc69a4823a1286bccef77bb31
spotify:track:36I9E4bkyPauoXvKgT1xzL,45aed3c10e8c45c98b4a63680e9da7b7,2022-07-05T01:51:04Z,1,I want to leave. ,f6b2fedbc69a4823a1286bccef77bb31
spotify:track:4nlvKIIetOWGIMyhjQXgOZ,45aed3c10e8c45c98b4a63680e9da7b7,2022-07-05T01:51:04Z,1,Stop this. ,f6b2fedbc69a4823a1286bccef77bb31
spotify:track:5E16OQaCqgzjtyC7EHNBgy,45aed3c10e8c45c98b4a63680e9da7b7,2022-07-05T01:51:04Z,1,I will not eat a fish head. I want the fish to eat my head. ,f6b2fedbc69a4823a1286bccef77bb31
spotify:track:7BTKLQRKjUfehCbt4ZsuwC,45aed3c10e8c45c98b4a63680e9da7b7,2022-07-05T01:51:04Z,2,I actually don‚Äôt hate this song. But I don‚Äôt like it on the playlist. ,f6b2fedbc69a4823a1286bccef77bb31
spotify:track:7roZOFtrpGYjcLLFZc2bp4,45aed3c10e8c45c98b4a63680e9da7b7,2022-07-05T01:51:04Z,1,What on earth is this. ,f6b2fedbc69a4823a1286bccef77bb31
spotify:track:0dpyzcT3RMNNSd2xKBf35I,d4d873667860433b9e0feec8ef6f1b3d,2022-07-05T01:59:09Z,1,"This would work as background music in a teen clothing store in the mall. On the annoying scale, it's pretty harmless. Cotton-candy-ish. ",f6b2fedbc69a4823a1286bccef77bb31
spotify:track:1mOU45yxv8r2JznweSBM3N,d4d873667860433b9e0feec8ef6f1b3d,2022-07-05T01:59:09Z,0,STOP SAYING MAMA I'M A STAR IN THAT POUTY LIL VOICE. JUST STOP. ,f6b2fedbc69a4823a1286bccef77bb31
spotify:track:1VucjBWweQcxgy9Gk3lFFK,d4d873667860433b9e0feec8ef6f1b3d,2022-07-05T01:59:09Z,0,Er . . . what's happening here and is there a cure. ,f6b2fedbc69a4823a1286bccef77bb31
spotify:track:2hynpFtQsg5wqVevY8z6G7,d4d873667860433b9e0feec8ef6f1b3d,2022-07-05T01:59:09Z,2,I don't mind this one. ,f6b2fedbc69a4823a1286bccef77bb31
spotify:track:36I9E4bkyPauoXvKgT1xzL,d4d873667860433b9e0feec8ef6f1b3d,2022-07-05T01:59:09Z,1,"Hmm. I do like some Cars, but this one is . . . yeah. Who is this cheese-o-rama cruiser boi. Not horrible, though.",f6b2fedbc69a4823a1286bccef77bb31
spotify:track:3RPjcyceIs824Edmp5ZqAE,d4d873667860433b9e0feec8ef6f1b3d,2022-07-05T01:59:09Z,1,I'll bet this kid would be good friends with the Home Alone kid. Kinda wish Shaq had kicked his trash in the dream. A point for a catchy chorus. ,f6b2fedbc69a4823a1286bccef77bb31
spotify:track:4nlvKIIetOWGIMyhjQXgOZ,d4d873667860433b9e0feec8ef6f1b3d,2022-07-05T01:59:09Z,1,Doesn't particularly stand out to me in either a good or bad way. ,f6b2fedbc69a4823a1286bccef77bb31
spotify:track:5E16OQaCqgzjtyC7EHNBgy,d4d873667860433b9e0feec8ef6f1b3d,2022-07-05T01:59:09Z,2,"A point for lyrics like ""I took a fish head out to see a movie; didn't have to pay to get it in."" Another point for nostalgia. ",f6b2fedbc69a4823a1286bccef77bb31
spotify:track:7roZOFtrpGYjcLLFZc2bp4,d4d873667860433b9e0feec8ef6f1b3d,2022-07-05T01:59:09Z,2,This is incredibly weird but I like the accelerating tempo. It's better on the second listen. I'm afraid I might be starting to like it. ,f6b2fedbc69a4823a1286bccef77bb31
spotify:track:0dpyzcT3RMNNSd2xKBf35I,3c4e83d58ab5477bba8d04ae93c4aac4,2022-07-05T02:03:51Z,1,Kind of cute,f6b2fedbc69a4823a1286bccef77bb31
spotify:track:1mOU45yxv8r2JznweSBM3N,3c4e83d58ab5477bba8d04ae93c4aac4,2022-07-05T02:03:51Z,0,Absolutely not. ,f6b2fedbc69a4823a1286bccef77bb31
spotify:track:2hynpFtQsg5wqVevY8z6G7,3c4e83d58ab5477bba8d04ae93c4aac4,2022-07-05T02:03:51Z,1,Hmmmm. I like the animal noises?,f6b2fedbc69a4823a1286bccef77bb31
spotify:track:36I9E4bkyPauoXvKgT1xzL,3c4e83d58ab5477bba8d04ae93c4aac4,2022-07-05T02:03:51Z,0,When this song started I thought I might like it but then the vocals started. ,f6b2fedbc69a4823a1286bccef77bb31
spotify:track:3RPjcyceIs824Edmp5ZqAE,3c4e83d58ab5477bba8d04ae93c4aac4,2022-07-05T02:03:51Z,1,I can‚Äôt believe you‚Äôve done this. ,f6b2fedbc69a4823a1286bccef77bb31
spotify:track:4nlvKIIetOWGIMyhjQXgOZ,3c4e83d58ab5477bba8d04ae93c4aac4,2022-07-05T02:03:51Z,3,Would I voluntarily listen to this again? Actually maybe. ,f6b2fedbc69a4823a1286bccef77bb31
spotify:track:5E16OQaCqgzjtyC7EHNBgy,3c4e83d58ab5477bba8d04ae93c4aac4,2022-07-05T02:03:51Z,1,I feel like this is Dad‚Äôs contribution. ,f6b2fedbc69a4823a1286bccef77bb31
spotify:track:7BTKLQRKjUfehCbt4ZsuwC,3c4e83d58ab5477bba8d04ae93c4aac4,2022-07-05T02:03:51Z,2,Okay I low key kind of like this song. ,f6b2fedbc69a4823a1286bccef77bb31
spotify:track:7roZOFtrpGYjcLLFZc2bp4,3c4e83d58ab5477bba8d04ae93c4aac4,2022-07-05T02:03:51Z,1,This was an experience. I‚Äôm giving it a point because it feels like I‚Äôm ~supposed~ to like it because it‚Äôs ~art~,f6b2fedbc69a4823a1286bccef77bb31
spotify:track:1VucjBWweQcxgy9Gk3lFFK,53954cca040b418fbc8f42043c323187,2022-07-05T14:46:37Z,1,,f6b2fedbc69a4823a1286bccef77bb31
spotify:track:36I9E4bkyPauoXvKgT1xzL,53954cca040b418fbc8f42043c323187,2022-07-05T14:46:37Z,1,,f6b2fedbc69a4823a1286bccef77bb31
spotify:track:3RPjcyceIs824Edmp5ZqAE,53954cca040b418fbc8f42043c323187,2022-07-05T14:46:37Z,3,,f6b2fedbc69a4823a1286bccef77bb31
spotify:track:4nlvKIIetOWGIMyhjQXgOZ,53954cca040b418fbc8f42043c323187,2022-07-05T14:46:37Z,1,,f6b2fedbc69a4823a1286bccef77bb31
spotify:track:7BTKLQRKjUfehCbt4ZsuwC,53954cca040b418fbc8f42043c323187,2022-07-05T14:46:37Z,2,,f6b2fedbc69a4823a1286bccef77bb31
spotify:track:7roZOFtrpGYjcLLFZc2bp4,53954cca040b418fbc8f42043c323187,2022-07-05T14:46:37Z,2,,f6b2fedbc69a4823a1286bccef77bb31
spotify:track:0dpyzcT3RMNNSd2xKBf35I,04c84c21eb3f476a906541faa6818b13,2022-07-05T17:05:24Z,2,Cool bass,f6b2fedbc69a4823a1286bccef77bb31
spotify:track:1mOU45yxv8r2JznweSBM3N,04c84c21eb3f476a906541faa6818b13,2022-07-05T17:05:24Z,1,welcome to the club now,f6b2fedbc69a4823a1286bccef77bb31
spotify:track:1VucjBWweQcxgy9Gk3lFFK,04c84c21eb3f476a906541faa6818b13,2022-07-05T17:05:24Z,1,I thought my computer started going crazy with its fans with all the background white noise in this song,f6b2fedbc69a4823a1286bccef77bb31
spotify:track:2hynpFtQsg5wqVevY8z6G7,04c84c21eb3f476a906541faa6818b13,2022-07-05T17:05:24Z,2,,f6b2fedbc69a4823a1286bccef77bb31
spotify:track:3RPjcyceIs824Edmp5ZqAE,04c84c21eb3f476a906541faa6818b13,2022-07-05T17:05:24Z,1,I don‚Äôt think I listened to enough radio disney to fully appreciate this,f6b2fedbc69a4823a1286bccef77bb31
spotify:track:5E16OQaCqgzjtyC7EHNBgy,04c84c21eb3f476a906541faa6818b13,2022-07-05T17:05:24Z,0,What in the world,f6b2fedbc69a4823a1286bccef77bb31
spotify:track:7BTKLQRKjUfehCbt4ZsuwC,04c84c21eb3f476a906541faa6818b13,2022-07-05T17:05:24Z,0,A secret chord? ü§îüïµÔ∏è‚Äç‚ôÇÔ∏è,f6b2fedbc69a4823a1286bccef77bb31
spotify:track:7roZOFtrpGYjcLLFZc2bp4,04c84c21eb3f476a906541faa6818b13,2022-07-05T17:05:24Z,3,blub ,f6b2fedbc69a4823a1286bccef77bb31
spotify:track:0dpyzcT3RMNNSd2xKBf35I,dd77ebc3b461474daa9e9b43c4377cd5,2022-07-07T01:40:26Z,3,,f6b2fedbc69a4823a1286bccef77bb31
spotify:track:1mOU45yxv8r2JznweSBM3N,dd77ebc3b461474daa9e9b43c4377cd5,2022-07-07T01:40:26Z,2,,f6b2fedbc69a4823a1286bccef77bb31
spotify:track:36I9E4bkyPauoXvKgT1xzL,dd77ebc3b461474daa9e9b43c4377cd5,2022-07-07T01:40:26Z,1,,f6b2fedbc69a4823a1286bccef77bb31
spotify:track:3RPjcyceIs824Edmp5ZqAE,dd77ebc3b461474daa9e9b43c4377cd5,2022-07-07T01:40:26Z,1,,f6b2fedbc69a4823a1286bccef77bb31
spotify:track:4nlvKIIetOWGIMyhjQXgOZ,dd77ebc3b461474daa9e9b43c4377cd5,2022-07-07T01:40:26Z,1,,f6b2fedbc69a4823a1286bccef77bb31
spotify:track:5E16OQaCqgzjtyC7EHNBgy,dd77ebc3b461474daa9e9b43c4377cd5,2022-07-07T01:40:26Z,1,,f6b2fedbc69a4823a1286bccef77bb31
spotify:track:7roZOFtrpGYjcLLFZc2bp4,dd77ebc3b461474daa9e9b43c4377cd5,2022-07-07T01:40:26Z,1,,f6b2fedbc69a4823a1286bccef77bb31
spotify:track:1VucjBWweQcxgy9Gk3lFFK,2e01487d2bb343f58250b8359dbd8790,2022-07-07T17:53:35Z,0,Made Zero confused,f6b2fedbc69a4823a1286bccef77bb31
spotify:track:1mOU45yxv8r2JznweSBM3N,2e01487d2bb343f58250b8359dbd8790,2022-07-07T17:53:35Z,3,Definitely the song for my out-all-night-partying montage. Also would be sick for Dance Dance Revolution,f6b2fedbc69a4823a1286bccef77bb31
spotify:track:2hynpFtQsg5wqVevY8z6G7,2e01487d2bb343f58250b8359dbd8790,2022-07-07T17:53:35Z,1,The English equivalents were my jams in 5th grade so here‚Äôs a nostalgic point,f6b2fedbc69a4823a1286bccef77bb31
spotify:track:36I9E4bkyPauoXvKgT1xzL,2e01487d2bb343f58250b8359dbd8790,2022-07-07T17:53:35Z,0,"This gave me Talking Head vibes, and for that I apologize ",f6b2fedbc69a4823a1286bccef77bb31
spotify:track:3RPjcyceIs824Edmp5ZqAE,2e01487d2bb343f58250b8359dbd8790,2022-07-07T17:53:35Z,3,BOOM I PUT IT IN THE HOOP LIKE SLAM,f6b2fedbc69a4823a1286bccef77bb31
spotify:track:4nlvKIIetOWGIMyhjQXgOZ,2e01487d2bb343f58250b8359dbd8790,2022-07-07T17:53:35Z,2,I could drive so fast with this song rootin me on,f6b2fedbc69a4823a1286bccef77bb31
spotify:track:5E16OQaCqgzjtyC7EHNBgy,2e01487d2bb343f58250b8359dbd8790,2022-07-07T17:53:35Z,1,Incredible ,f6b2fedbc69a4823a1286bccef77bb31
spotify:track:7BTKLQRKjUfehCbt4ZsuwC,2e01487d2bb343f58250b8359dbd8790,2022-07-07T17:53:35Z,0,Oof I guess I‚Äôm a Rufus Wainwright ride-or-die,f6b2fedbc69a4823a1286bccef77bb31
spotify:track:0dpyzcT3RMNNSd2xKBf35I,3632dbc7e55d4e3380f090997355e7ae,2022-07-07T20:02:39Z,1,"I‚Äôm impressed these guys found a way to make this annoying, especially those high notes. ",f6b2fedbc69a4823a1286bccef77bb31
spotify:track:1mOU45yxv8r2JznweSBM3N,3632dbc7e55d4e3380f090997355e7ae,2022-07-07T20:02:39Z,1,V annoying. I‚Äôm a superduperstar!! Two imaginary bonus points. ,f6b2fedbc69a4823a1286bccef77bb31
spotify:track:1VucjBWweQcxgy9Gk3lFFK,3632dbc7e55d4e3380f090997355e7ae,2022-07-07T20:02:39Z,1,Annoying the local fauna since 2006. One imaginary bonus point. ,f6b2fedbc69a4823a1286bccef77bb31
spotify:track:2hynpFtQsg5wqVevY8z6G7,3632dbc7e55d4e3380f090997355e7ae,2022-07-07T20:02:39Z,1,"How many Koreans does it take to make an annoying song?
12, apparently. ",f6b2fedbc69a4823a1286bccef77bb31
spotify:track:36I9E4bkyPauoXvKgT1xzL,3632dbc7e55d4e3380f090997355e7ae,2022-07-07T20:02:39Z,1,"‚ÄúHey Rick, I broke my keyboard and now only one note works‚Äù
‚ÄúWell we paid for this studio time, so let‚Äôs roll.‚Äù 

ThisÔøº is the most annoying song by the Cars I have heard. ",f6b2fedbc69a4823a1286bccef77bb31
spotify:track:3RPjcyceIs824Edmp5ZqAE,3632dbc7e55d4e3380f090997355e7ae,2022-07-07T20:02:39Z,1,I have a weird curiosity about what else is on this album. One imaginary bonus point. ,f6b2fedbc69a4823a1286bccef77bb31
spotify:track:4nlvKIIetOWGIMyhjQXgOZ,3632dbc7e55d4e3380f090997355e7ae,2022-07-07T20:02:39Z,1,"Yep, it‚Äôs annoying!",f6b2fedbc69a4823a1286bccef77bb31
spotify:track:7BTKLQRKjUfehCbt4ZsuwC,3632dbc7e55d4e3380f090997355e7ae,2022-07-07T20:02:39Z,1,"This reminds me of the Don Music sketches on Sesame Street, where he gets to the end and can‚Äôt think of a good rhyme. 
‚ÄúSo let‚Äôs see, what rhymes with hallelujah? Boo-ya?‚Äù
One imaginary bonus point. ",f6b2fedbc69a4823a1286bccef77bb31
spotify:track:7roZOFtrpGYjcLLFZc2bp4,3632dbc7e55d4e3380f090997355e7ae,2022-07-07T20:02:39Z,2,Love this!! One imaginary bonus point. ,f6b2fedbc69a4823a1286bccef77bb31
spotify:track:3sj8vanUG3a2leRLXwmtuo,faf071c5961f4195a9575494a1bed466,2022-07-11T19:37:00Z,2,,fefb55b6aded4f01b551bdf4fa3cd3df
spotify:track:4lKwqIEmnm0wsRLOuwUMLv,faf071c5961f4195a9575494a1bed466,2022-07-11T19:37:00Z,4,,fefb55b6aded4f01b551bdf4fa3cd3df
spotify:track:5nXttSmu05MFgYSJtvdXbt,faf071c5961f4195a9575494a1bed466,2022-07-11T19:37:00Z,2,,fefb55b6aded4f01b551bdf4fa3cd3df
spotify:track:5q3U3cXNtPvbBZAL2bKmbO,faf071c5961f4195a9575494a1bed466,2022-07-11T19:37:00Z,1,,fefb55b6aded4f01b551bdf4fa3cd3df
spotify:track:6uwfVkaOM1mcMkFmSn35ix,faf071c5961f4195a9575494a1bed466,2022-07-11T19:37:00Z,1,Is this an ad for Olive Garden,fefb55b6aded4f01b551bdf4fa3cd3df
spotify:track:0vJlZS5zLMhRQ6xo9vmAlB,04c84c21eb3f476a906541faa6818b13,2022-07-12T16:26:02Z,2,"from what i‚Äôve heard about charon, this crime may not be worth it",fefb55b6aded4f01b551bdf4fa3cd3df
spotify:track:1NhM60J3O6wrhU5WJ76KiY,04c84c21eb3f476a906541faa6818b13,2022-07-12T16:26:02Z,1,,fefb55b6aded4f01b551bdf4fa3cd3df
spotify:track:2RccROmA5MRRLzX8HkzreL,04c84c21eb3f476a906541faa6818b13,2022-07-12T16:26:02Z,0,they should‚Äôve leaned into the crowd noises more,fefb55b6aded4f01b551bdf4fa3cd3df
spotify:track:3lILuFinx7CFaYXJ6FWz54,04c84c21eb3f476a906541faa6818b13,2022-07-12T16:26:02Z,2,punk reminds us that we can all be musicians ,fefb55b6aded4f01b551bdf4fa3cd3df
spotify:track:3sj8vanUG3a2leRLXwmtuo,04c84c21eb3f476a906541faa6818b13,2022-07-12T16:26:02Z,2,"such great parts - everything‚Äôs a hook in this song. except wall-e dying at the beginning, not sure what that was ",fefb55b6aded4f01b551bdf4fa3cd3df
spotify:track:4lKwqIEmnm0wsRLOuwUMLv,04c84c21eb3f476a906541faa6818b13,2022-07-12T16:26:02Z,1,,fefb55b6aded4f01b551bdf4fa3cd3df
spotify:track:5nXttSmu05MFgYSJtvdXbt,04c84c21eb3f476a906541faa6818b13,2022-07-12T16:26:02Z,1,,fefb55b6aded4f01b551bdf4fa3cd3df
spotify:track:6uwfVkaOM1mcMkFmSn35ix,04c84c21eb3f476a906541faa6818b13,2022-07-12T16:26:02Z,1,can‚Äôt believe it took two seasons of music league for tswift to make an appearance ,fefb55b6aded4f01b551bdf4fa3cd3df
spotify:track:0vJlZS5zLMhRQ6xo9vmAlB,6d7e96d013a845369bf8f206bfb7c773,2022-07-12T17:45:28Z,1,,fefb55b6aded4f01b551bdf4fa3cd3df
spotify:track:1NhM60J3O6wrhU5WJ76KiY,6d7e96d013a845369bf8f206bfb7c773,2022-07-12T17:45:28Z,1,,fefb55b6aded4f01b551bdf4fa3cd3df
spotify:track:2RccROmA5MRRLzX8HkzreL,6d7e96d013a845369bf8f206bfb7c773,2022-07-12T17:45:28Z,2,,fefb55b6aded4f01b551bdf4fa3cd3df
spotify:track:3lILuFinx7CFaYXJ6FWz54,6d7e96d013a845369bf8f206bfb7c773,2022-07-12T17:45:28Z,2,,fefb55b6aded4f01b551bdf4fa3cd3df
spotify:track:5nXttSmu05MFgYSJtvdXbt,6d7e96d013a845369bf8f206bfb7c773,2022-07-12T17:45:28Z,1,,fefb55b6aded4f01b551bdf4fa3cd3df
spotify:track:5q3U3cXNtPvbBZAL2bKmbO,6d7e96d013a845369bf8f206bfb7c773,2022-07-12T17:45:28Z,1,,fefb55b6aded4f01b551bdf4fa3cd3df
spotify:track:5tN0LIuQDapSFedlYJuG0k,6d7e96d013a845369bf8f206bfb7c773,2022-07-12T17:45:28Z,1,,fefb55b6aded4f01b551bdf4fa3cd3df
spotify:track:6uwfVkaOM1mcMkFmSn35ix,6d7e96d013a845369bf8f206bfb7c773,2022-07-12T17:45:28Z,1,,fefb55b6aded4f01b551bdf4fa3cd3df
spotify:track:0vJlZS5zLMhRQ6xo9vmAlB,53954cca040b418fbc8f42043c323187,2022-07-12T22:22:59Z,1,,fefb55b6aded4f01b551bdf4fa3cd3df
spotify:track:1NhM60J3O6wrhU5WJ76KiY,53954cca040b418fbc8f42043c323187,2022-07-12T22:22:59Z,1,,fefb55b6aded4f01b551bdf4fa3cd3df
spotify:track:2RccROmA5MRRLzX8HkzreL,53954cca040b418fbc8f42043c323187,2022-07-12T22:22:59Z,1,,fefb55b6aded4f01b551bdf4fa3cd3df
spotify:track:3sj8vanUG3a2leRLXwmtuo,53954cca040b418fbc8f42043c323187,2022-07-12T22:22:59Z,2,,fefb55b6aded4f01b551bdf4fa3cd3df
spotify:track:5nXttSmu05MFgYSJtvdXbt,53954cca040b418fbc8f42043c323187,2022-07-12T22:22:59Z,1,,fefb55b6aded4f01b551bdf4fa3cd3df
spotify:track:5tN0LIuQDapSFedlYJuG0k,53954cca040b418fbc8f42043c323187,2022-07-12T22:22:59Z,1,,fefb55b6aded4f01b551bdf4fa3cd3df
spotify:track:6uwfVkaOM1mcMkFmSn35ix,53954cca040b418fbc8f42043c323187,2022-07-12T22:22:59Z,3,This song really shut up the haters that said she couldn‚Äôt be a real country singer without a murder ballad,fefb55b6aded4f01b551bdf4fa3cd3df
spotify:track:0vJlZS5zLMhRQ6xo9vmAlB,3632dbc7e55d4e3380f090997355e7ae,2022-07-13T03:26:50Z,1,"Sorry, I can‚Äôt award points to a song that encourages non-payment for contracted services.

Ok ok here‚Äôs a point. ",fefb55b6aded4f01b551bdf4fa3cd3df
spotify:track:2RccROmA5MRRLzX8HkzreL,3632dbc7e55d4e3380f090997355e7ae,2022-07-13T03:26:50Z,1,"Did Scar steal this song from Petshop boys, or did Petshop boys steal this song from Scar? 

Whichever way, it was a crime. ",fefb55b6aded4f01b551bdf4fa3cd3df
spotify:track:3lILuFinx7CFaYXJ6FWz54,3632dbc7e55d4e3380f090997355e7ae,2022-07-13T03:26:50Z,3,"I almost submitted this as my song. 

It‚Äôs a great song to listen to when running, pursued or otherwise.  ",fefb55b6aded4f01b551bdf4fa3cd3df
spotify:track:3sj8vanUG3a2leRLXwmtuo,3632dbc7e55d4e3380f090997355e7ae,2022-07-13T03:26:50Z,0,"I actually like all the songs on this list including those I did not award points to. 

This is my confession to a possible crime. ",fefb55b6aded4f01b551bdf4fa3cd3df
spotify:track:4lKwqIEmnm0wsRLOuwUMLv,3632dbc7e55d4e3380f090997355e7ae,2022-07-13T03:26:50Z,0,Interesting. There‚Äôs a lot going on here. ,fefb55b6aded4f01b551bdf4fa3cd3df
spotify:track:5q3U3cXNtPvbBZAL2bKmbO,3632dbc7e55d4e3380f090997355e7ae,2022-07-13T03:26:50Z,2,Best sea shanty ever!,fefb55b6aded4f01b551bdf4fa3cd3df
spotify:track:5tN0LIuQDapSFedlYJuG0k,3632dbc7e55d4e3380f090997355e7ae,2022-07-13T03:26:50Z,1,I really like the guitar. ,fefb55b6aded4f01b551bdf4fa3cd3df
spotify:track:6uwfVkaOM1mcMkFmSn35ix,3632dbc7e55d4e3380f090997355e7ae,2022-07-13T03:26:50Z,2,I like that she makes it clear she has a boating license. No way she‚Äôs admitting to THAT crime!,fefb55b6aded4f01b551bdf4fa3cd3df
spotify:track:0vJlZS5zLMhRQ6xo9vmAlB,45aed3c10e8c45c98b4a63680e9da7b7,2022-07-13T04:07:24Z,3,This song rules. ,fefb55b6aded4f01b551bdf4fa3cd3df
spotify:track:1NhM60J3O6wrhU5WJ76KiY,45aed3c10e8c45c98b4a63680e9da7b7,2022-07-13T04:07:24Z,0,"Not bad, but there was some strong songs in this round. ",fefb55b6aded4f01b551bdf4fa3cd3df
spotify:track:2RccROmA5MRRLzX8HkzreL,45aed3c10e8c45c98b4a63680e9da7b7,2022-07-13T04:07:24Z,0,Not my thing. ,fefb55b6aded4f01b551bdf4fa3cd3df
spotify:track:3lILuFinx7CFaYXJ6FWz54,45aed3c10e8c45c98b4a63680e9da7b7,2022-07-13T04:07:24Z,1,,fefb55b6aded4f01b551bdf4fa3cd3df
spotify:track:5nXttSmu05MFgYSJtvdXbt,45aed3c10e8c45c98b4a63680e9da7b7,2022-07-13T04:07:24Z,1,,fefb55b6aded4f01b551bdf4fa3cd3df
spotify:track:5q3U3cXNtPvbBZAL2bKmbO,45aed3c10e8c45c98b4a63680e9da7b7,2022-07-13T04:07:24Z,2,"I take credit for introducing this song to amy, so if it does good I should get the points. If it does bad, I take no credit. ",fefb55b6aded4f01b551bdf4fa3cd3df
spotify:track:5tN0LIuQDapSFedlYJuG0k,45aed3c10e8c45c98b4a63680e9da7b7,2022-07-13T04:07:24Z,2,"This was a real bummer, but I loved it. ",fefb55b6aded4f01b551bdf4fa3cd3df
spotify:track:6uwfVkaOM1mcMkFmSn35ix,45aed3c10e8c45c98b4a63680e9da7b7,2022-07-13T04:07:24Z,1,This felt like a Carrie Underwood song to me. ,fefb55b6aded4f01b551bdf4fa3cd3df
spotify:track:0vJlZS5zLMhRQ6xo9vmAlB,dd77ebc3b461474daa9e9b43c4377cd5,2022-07-13T04:47:14Z,2,,fefb55b6aded4f01b551bdf4fa3cd3df
spotify:track:2RccROmA5MRRLzX8HkzreL,dd77ebc3b461474daa9e9b43c4377cd5,2022-07-13T04:47:14Z,1,not the peanut s butter's best song but +1 for dark gay satirical vibes ,fefb55b6aded4f01b551bdf4fa3cd3df
spotify:track:3lILuFinx7CFaYXJ6FWz54,dd77ebc3b461474daa9e9b43c4377cd5,2022-07-13T04:47:14Z,1,WHAT HAVE I DAHN,fefb55b6aded4f01b551bdf4fa3cd3df
spotify:track:3sj8vanUG3a2leRLXwmtuo,dd77ebc3b461474daa9e9b43c4377cd5,2022-07-13T04:47:14Z,0,"first listen: too emo, sorry
listening again: better! but still too emo. sorry",fefb55b6aded4f01b551bdf4fa3cd3df
spotify:track:4lKwqIEmnm0wsRLOuwUMLv,dd77ebc3b461474daa9e9b43c4377cd5,2022-07-13T04:47:14Z,2,TRES PORTES TINC A CA MEEEEVAAA ,fefb55b6aded4f01b551bdf4fa3cd3df
spotify:track:5nXttSmu05MFgYSJtvdXbt,dd77ebc3b461474daa9e9b43c4377cd5,2022-07-13T04:47:14Z,0,alright. not saul piman's best ,fefb55b6aded4f01b551bdf4fa3cd3df
spotify:track:5q3U3cXNtPvbBZAL2bKmbO,dd77ebc3b461474daa9e9b43c4377cd5,2022-07-13T04:47:14Z,0,a silly goofy time for sure but not my fav,fefb55b6aded4f01b551bdf4fa3cd3df
spotify:track:5tN0LIuQDapSFedlYJuG0k,dd77ebc3b461474daa9e9b43c4377cd5,2022-07-13T04:47:14Z,3,üëë JULIA'S FAVORITE AWARD üëë ,fefb55b6aded4f01b551bdf4fa3cd3df
spotify:track:6uwfVkaOM1mcMkFmSn35ix,dd77ebc3b461474daa9e9b43c4377cd5,2022-07-13T04:47:14Z,1,i was skeptical when i saw taylor swift on this list but was nicely surprised. good song ,fefb55b6aded4f01b551bdf4fa3cd3df
spotify:track:1NhM60J3O6wrhU5WJ76KiY,d4d873667860433b9e0feec8ef6f1b3d,2022-07-13T16:09:57Z,1,"Pretty song. Nice voice. Does that make it even scarier, I wonder. The victim will never see it coming. ",fefb55b6aded4f01b551bdf4fa3cd3df
spotify:track:2RccROmA5MRRLzX8HkzreL,d4d873667860433b9e0feec8ef6f1b3d,2022-07-13T16:09:57Z,1,"I grew quite fond of this eerie, minor-key song. Being a tyrant ain't no bed of roses. ",fefb55b6aded4f01b551bdf4fa3cd3df
spotify:track:3lILuFinx7CFaYXJ6FWz54,d4d873667860433b9e0feec8ef6f1b3d,2022-07-13T16:09:57Z,0,"The police-siren music/noise in the background is both clever and obnoxious. Not my fave Clash, though. But good job on knowing the days of the week, my boys.",fefb55b6aded4f01b551bdf4fa3cd3df
spotify:track:3sj8vanUG3a2leRLXwmtuo,d4d873667860433b9e0feec8ef6f1b3d,2022-07-13T16:09:57Z,1,Groovy synth. ,fefb55b6aded4f01b551bdf4fa3cd3df
spotify:track:4lKwqIEmnm0wsRLOuwUMLv,d4d873667860433b9e0feec8ef6f1b3d,2022-07-13T16:09:57Z,1,"I'm glad Shauna told me to watch the video, though I still needed her explanation of what the heck the song meant. But it's a good crime number. ",fefb55b6aded4f01b551bdf4fa3cd3df
spotify:track:5nXttSmu05MFgYSJtvdXbt,d4d873667860433b9e0feec8ef6f1b3d,2022-07-13T16:09:57Z,0,"So like, he plans a day each year to shoplift? Is that what I'm to understand? Like, it's on his calendar? ",fefb55b6aded4f01b551bdf4fa3cd3df
spotify:track:5q3U3cXNtPvbBZAL2bKmbO,d4d873667860433b9e0feec8ef6f1b3d,2022-07-13T16:09:57Z,4,I cannot express how much I love this song. ,fefb55b6aded4f01b551bdf4fa3cd3df
spotify:track:5tN0LIuQDapSFedlYJuG0k,d4d873667860433b9e0feec8ef6f1b3d,2022-07-13T16:09:57Z,1,I dig this guitar and country/Celtic feel. ,fefb55b6aded4f01b551bdf4fa3cd3df
spotify:track:6uwfVkaOM1mcMkFmSn35ix,d4d873667860433b9e0feec8ef6f1b3d,2022-07-13T16:09:57Z,1,"As a mystery writer, I appreciate this song and it sounds like ol' cheaterpants had it coming. ",fefb55b6aded4f01b551bdf4fa3cd3df
spotify:track:0vJlZS5zLMhRQ6xo9vmAlB,2e01487d2bb343f58250b8359dbd8790,2022-07-13T18:28:12Z,0,"Doesn‚Äôt feel like a crime, feels like not getting scammed",fefb55b6aded4f01b551bdf4fa3cd3df
spotify:track:2RccROmA5MRRLzX8HkzreL,2e01487d2bb343f58250b8359dbd8790,2022-07-13T18:28:12Z,0,"Big fan of the crowd cheers, wish I had a point to spare ",fefb55b6aded4f01b551bdf4fa3cd3df
spotify:track:3lILuFinx7CFaYXJ6FWz54,2e01487d2bb343f58250b8359dbd8790,2022-07-13T18:28:12Z,2,I‚Äôll use this song to teach my kids the days of the week,fefb55b6aded4f01b551bdf4fa3cd3df
spotify:track:3sj8vanUG3a2leRLXwmtuo,2e01487d2bb343f58250b8359dbd8790,2022-07-13T18:28:12Z,5,I LOVE THIS SOOOONG!!,fefb55b6aded4f01b551bdf4fa3cd3df
spotify:track:5nXttSmu05MFgYSJtvdXbt,2e01487d2bb343f58250b8359dbd8790,2022-07-13T18:28:12Z,1,I‚Äôm here for the deep voice,fefb55b6aded4f01b551bdf4fa3cd3df
spotify:track:5q3U3cXNtPvbBZAL2bKmbO,2e01487d2bb343f58250b8359dbd8790,2022-07-13T18:28:12Z,0,Sounds like a fun camp song. Sorry I don‚Äôt have more points ,fefb55b6aded4f01b551bdf4fa3cd3df
spotify:track:5tN0LIuQDapSFedlYJuG0k,2e01487d2bb343f58250b8359dbd8790,2022-07-13T18:28:12Z,2,Sounds like Mr Wall should‚Äôve found a new lass,fefb55b6aded4f01b551bdf4fa3cd3df
spotify:track:0vJlZS5zLMhRQ6xo9vmAlB,3c4e83d58ab5477bba8d04ae93c4aac4,2022-07-14T18:27:05Z,4,"I truly enjoyed this. I feel like the ""don't do it"" chorus in the background is what my brain will now do when I am resisting acting on an intrusive and/or bitey thought. I feel like just dispositionally though it would be hard for me not to pay the ferryman if he were saying I had to. Heck I'd probably tip him too. ",fefb55b6aded4f01b551bdf4fa3cd3df
spotify:track:1NhM60J3O6wrhU5WJ76KiY,3c4e83d58ab5477bba8d04ae93c4aac4,2022-07-14T18:27:05Z,0,I don't know that this confession would result in a conviction. ,fefb55b6aded4f01b551bdf4fa3cd3df
spotify:track:2RccROmA5MRRLzX8HkzreL,3c4e83d58ab5477bba8d04ae93c4aac4,2022-07-14T18:27:05Z,0,This is not the best PSB song. ,fefb55b6aded4f01b551bdf4fa3cd3df
spotify:track:3lILuFinx7CFaYXJ6FWz54,3c4e83d58ab5477bba8d04ae93c4aac4,2022-07-14T18:27:05Z,0,I feel tired just listening to this. That's a lot of days to be on the lam. ,fefb55b6aded4f01b551bdf4fa3cd3df
spotify:track:3sj8vanUG3a2leRLXwmtuo,3c4e83d58ab5477bba8d04ae93c4aac4,2022-07-14T18:27:05Z,0,I mean the name of the band is a little incriminating on its own. Do I believe there was no motive? I do not. ,fefb55b6aded4f01b551bdf4fa3cd3df
spotify:track:4lKwqIEmnm0wsRLOuwUMLv,3c4e83d58ab5477bba8d04ae93c4aac4,2022-07-14T18:27:05Z,1,Okay do you listen to any English music at all or ,fefb55b6aded4f01b551bdf4fa3cd3df
spotify:track:5nXttSmu05MFgYSJtvdXbt,3c4e83d58ab5477bba8d04ae93c4aac4,2022-07-14T18:27:05Z,2,This is so great and I can't believe I haven't ever heard it before. ,fefb55b6aded4f01b551bdf4fa3cd3df
spotify:track:5tN0LIuQDapSFedlYJuG0k,3c4e83d58ab5477bba8d04ae93c4aac4,2022-07-14T18:27:05Z,2,Feel like I should be riding a horse or chopping wood while I listen to this. Maybe wear some flannel. ,fefb55b6aded4f01b551bdf4fa3cd3df
spotify:track:6uwfVkaOM1mcMkFmSn35ix,3c4e83d58ab5477bba8d04ae93c4aac4,2022-07-14T18:27:05Z,1,A confession AND an accusation. Real Carrie Underwood flavor. I can't decide how I feel about this song. I think high school Amy would have listened the heck out of this. ,fefb55b6aded4f01b551bdf4fa3cd3df
